"name","Code_display","Common_name","Latin_name","Major_use","Other_uses","Crop_comments","DSSAT_code","APSIM_code","AgTrials_code","Photosynthetic.pathway","Repro_type","Daylength","Vernalization","Harvested_parts","When_harvested","N_fixation","Major_planting","Other_planting","Wikipedia","DSSAT_tree_node"
"ACK","CRID, ICPCR, HACRID","Artichoke","Cynara scolymus","Vegetable",NA,NA,NA,NA,NA,"C3","Annual","SD/LD","Y","Inflorescence","Size","N","Cuttings","Seed","en.wikipedia.org/wiki/Artichoke","Vegetables"
"ALD","CRID","Almond","Prunus dulcis","Nut",NA,NA,NA,NA,NA,"C3","Perennial",NA,NA,"Seed",NA,"N",NA,NA,"en.wikipedia.org/wiki/Almond","Nut"
"ALF","CRID","Alfalfa","Medicago sativa","Forage",NA,"Lucerne","AL","Lucerne",NA,"C3","Perennial","LD","N","Shoot",NA,"Y","Seed",NA,"en.wikipedia.org/wiki/Alfalfa","Forages"
"AMR","CRID","Amaranth","Amaranthus spp.","Pseudocereal","Vegetable","A. caudatus, A. cruentus, and A.hypochondriacus",NA,NA,NA,"C4","Annual","SD",NA,"Seed",NA,"N","Seed",NA,"en.wikipedia.org/wiki/Amaranth#Seed","Cereals"
"APL","CRID","Apple","Malus pumila","Fruit",NA,NA,"AM","Apple",NA,"C3","Perennial",NA,"Y","Fruit",NA,"N","Transplant",NA,"en.wikipedia.org/wiki/Apple","Fruit crops"
"APR","CRID","Apricot","Prunus armeniaca","Fruit",NA,NA,"AP","Apricot",NA,"C3","Perennial",NA,"Y","Fruit",NA,"N","Transplant",NA,"en.wikipedia.org/wiki/Apricot","Fruit crops"
"ASP","CRID","Asparagus","Asparagus officinalis","Vegetable",NA,NA,NA,NA,NA,"C3","Perennial",NA,NA,"Seed",NA,"N","Crowns",NA,"en.wikipedia.org/wiki/Asparagus","Vegetables"
"AVC","CRID","Avocado","Persea americana","Fruit",NA,NA,NA,NA,NA,"C3","Perennial",NA,NA,"Fruit","Size","N",NA,NA,"en.wikipedia.org/wiki/Avocado","Fruit crops"
"BAR","CRID","Barley","Hordeum vulgare","Cereal","Fodder",NA,"BA","Barley","Barley","C3","Annual","LD","Y","Seed","Stage","N","Seed",NA,"en.wikipedia.org/wiki/Barley","Cereals"
"BBR","CRID","Blueberry","Vaccinium spp.","Fruit",NA,NA,NA,NA,NA,"C3","Perennial",NA,NA,"Fruit",NA,"N","Cuttings",NA,"en.wikipedia.org/wiki/Blueberry","Fruit crops"
"BGR","CRID","Bitter gourd","Momordica charantia","Vegetable",NA,NA,NA,NA,NA,"C3","Annual",NA,NA,"Seed",NA,"N","Seed",NA,"en.wikipedia.org/wiki/Momordica_charantia","Vegetables"
"BHG","CRID","Bahia grass","Paspalum spp.","Forage",NA,NA,"BH","Bahia",NA,"C4","Perennial","LD",NA,"Shoot",NA,"N","Seed",NA,"en.wikipedia.org/wiki/Paspalum_notatum","Forages"
"BLW","CRID","Broad leaf weeds","(various)",NA,NA,NA,"BW","Weed",NA,NA,"Annual",NA,NA,NA,NA,"N","Seed",NA,NA,"Various"
"BMD","CRID","Bermudagrass","Cynodon dactylon","Forage",NA,NA,"BM",NA,NA,"C4","Perennial",NA,NA,"Shoot",NA,"N","Transplant",NA,"en.wikipedia.org/wiki/Cynodon_dactylon","Forages"
"BMG","CRID","Bambara groundnut","Vigna subterranea","Pulse",NA,NA,"BG",NA,NA,"C3","Annual","SD","N","Seed",NA,"Y","Seed",NA,"en.wikipedia.org/wiki/Vigna_subterranea","Legumes"
"BND","CRID","Dry bean","Phaseolus vulgaris","Pulse",NA,"Dry or shell bean","BN","Drybean","Bean common (dry)","C3","Annual","SD","N","Seed",NA,"Y","Seed",NA,"en.wikipedia.org/wiki/Phaseolus_vulgaris","Legumes"
"BNG","CRID","Green bean","Phaseolus vulgaris","Vegetable",NA,"Snap bean (low fibre pods)","GB","Greenbean",NA,"C3","Annual","SD","N","Fruit",NA,"Y","Seed",NA,"https://en.wikipedia.org/wiki/Phaseolus_vulgaris","Vegetables"
"BNN","CRID","Banana","Musa paradisiaca","Fruit",NA,NA,"NN","Banana","Banana","C3","Perennial",NA,"N","Fruit",NA,"N","Rhizome",NA,"en.wikipedia.org/wiki/Banana#Historical_cultivation","Fruit crops"
"BRC","CRID","Brachiaria","Brachiaria spp.","Forage",NA,"Check which species","BR","Brachiaria",NA,"C4","Perennial",NA,NA,"Shoot",NA,"N","Seed",NA,"en.wikipedia.org/wiki/Brachiaria","Forages"
"BWH","CRID","Buckwheat","Fagopyrum esculentum","Pseudocereal",NA,NA,"BK","Buckwheat",NA,"C3","Annual",NA,NA,"Seed",NA,"N","Seed",NA,"en.wikipedia.org/wiki/Buckwheat","Cereals"
"CAM","CRID","Camelina","Camelina sativa","Oil seed",NA,NA,"CM","Camelina",NA,"C3","Annual",NA,NA,"Seed",NA,"N","Seed",NA,"en.wikipedia.org/wiki/Camelina","Oil crops"
"CAR","CRID","Carrot","Daucus carota","Vegetable",NA,NA,"C1","Carrot",NA,"C3","Biennial","SD/LD","Y","Root",NA,"N","Seed",NA,"en.wikipedia.org/wiki/Carrot","Vegetables"
"CBG","CRID","Cabbage","Brassica oleraceae","Vegetable",NA,NA,"CB","Cabbage",NA,"C3","Annual",NA,NA,"Leaf",NA,"N","Seed",NA,"en.wikipedia.org/wiki/Cabbage","Vegetables"
"CBY","CRID","Cranberry","Vaccinium macrocarpon","Fruit",NA,NA,NA,NA,NA,"C3","Perennial",NA,NA,"Fruit",NA,"N","Cuttings",NA,"en.wikipedia.org/wiki/Cranberry","Fruit crops"
"CCB","CRID","Chinese cabbage","Brassica rapa","Vegetable",NA,"inlcudes napa cabbage and bok choy","C3",NA,NA,"C3","Annual","LD","Y","Seed","Size","N","Seed",NA,"en.wikipedia.org/wiki/Chinese_cabbage","Vegetables"
"CCN","CRID","Coconut","Cocos nucifera","Oil seed",NA,NA,"CC","Coconut",NA,"C3","Perennial",NA,NA,"Seed","Stage","N","Seed",NA,"en.wikipedia.org/wiki/Coconut","Oil crops"
"CEL","CRID","Celery","Apium graveolens","Vegetable",NA,NA,NA,NA,NA,"C3","Annual","SD/LD","Y","Shoot",NA,"N","Seed",NA,"en.wikipedia.org/wiki/Celery","Vegetables"
"CFE","CRID","Coffee","Coffea spp.","Beverage",NA,"C. arabica, C. rustica","CF","Coffee",NA,"C3","Perennial",NA,NA,"Fruit",NA,"N","Seed",NA,"en.wikipedia.org/wiki/Coffee","Beverage"
"CGR","CRID","Concord grape","Vitis labrusca","Fruit",NA,"Concord grape","CG","Concordgrape",NA,"C3","Perennial",NA,NA,"Fruit",NA,"N","Transplant",NA,"en.wikipedia.org/wiki/Concord_grape","Fruit Crops"
"CHI","CRID","Chia","Salvia hispanica","Pseudocereal",NA,NA,"CI","Chia",NA,"C3","Annual","SD",NA,"Seed","Stage","N","Seed",NA,"en.wikipedia.org/wiki/Salvia_hispanica","Cereals"
"CHN","CRID","Chestnut","Castanea spp.","Nut",NA,NA,NA,NA,NA,"C3","Perennial",NA,NA,"Seed",NA,"N",NA,NA,"en.wikipedia.org/wiki/Chestnut","Nut"
"CHP","CRID","Chickpea","Cicer arietenum","Pulse",NA,"Garbanzo","CH","Chickpea",NA,"C3","Annual","LD",NA,"Seed",NA,"Y","Seed",NA,"en.wikipedia.org/wiki/Chickpea","Legumes"
"CHR","CRID","Cherry","Prunus spp.","Fruit",NA,"Many species","CY","Cherry",NA,"C3","Perennial",NA,NA,"Fruit",NA,"N","Transplant",NA,"en.wikipedia.org/wiki/Cherry","Fruit crops"
"CIT","CRID","Citrus","Citrus spp.","Fruit",NA,NA,"CT","Citrus",NA,"C3","Perennial",NA,NA,"Fruit",NA,"N","Transplant",NA,"en.wikipedia.org/wiki/Citrus","Fruit crops"
"CLF","CRID","Cauliflower","Brassica oleraceae","Vegetable",NA,NA,NA,NA,NA,"C3","Annual",NA,NA,"Inflorescence",NA,"N","Seed",NA,"en.wikipedia.org/wiki/Cauliflower","Vegetables"
"CLV","CRID","Clover","Trifolium spp.","Forage","Fodder",NA,"CV","Clover",NA,"C3","Perennial",NA,NA,"Shoot",NA,"Y","Seed",NA,"en.wikipedia.org/wiki/Clover","Forages"
"CNL","CRID","Canola","Brassica spp.","Oil seed",NA,"B. rapa, B. juncea, B. napus","CN","Canola",NA,"C3","Annual","Y","Y","Seed",NA,"N","Seed",NA,"en.wikipedia.org/wiki/Canola","Oil crops"
"COC","CRID","Chocolate","Theobroma cacao","Fruit, Beverage",NA,"Cocoa",NA,NA,NA,"C3","Perennial",NA,NA,"Seed",NA,"N",NA,NA,"en.wikipedia.org/wiki/Cacao","Beverage"
"COT","CRID","Cotton","Gossypium spp.","Fiber",NA,"G. hirsutum, G barbadense","CO","Cotton",NA,"C3","Annual","SD","N","Fruit",NA,"N","Seed",NA,"en.wikipedia.org/wiki/Cotton","Fiber"
"CRB","CRID","Carob","Ceratonia siliqua","Fruit",NA,NA,NA,NA,NA,"C3","Perennial",NA,NA,"Fruit",NA,"N",NA,NA,"en.wikipedia.org/wiki/Ceratonia_siliqua","Specialty"
"CRM","CRID","Crambe","Crambe abyssinica","Oil seed",NA,NA,"CR","Crambe",NA,"C3","Annual","Y","Y","Seed",NA,"N","Seed",NA,"https://en.wikipedia.org/wiki/Crambe","Oil crops"
"CST","CRID","Castor bean","Ricinus castorum","Oil seed",NA,NA,"C2","Castorbean",NA,"C3","Perennial",NA,NA,"Seed",NA,"N","Seed",NA,"en.wikipedia.org/wiki/Ricinus","Oil crops"
"CSV","CRID","Cassava","Manihot esculenta","Root crop",NA,NA,"CS","Cassava","Cassava","C3","Annual",NA,NA,"Root","Date","N","Stem cutting",NA,"en.wikipedia.org/wiki/Cassava","Root Crops"
"CSW","CRID","Cashew","Anacardium occidentale","Nut",NA,NA,NA,NA,NA,"C3","Perennial",NA,NA,"Seed",NA,"N",NA,NA,"en.wikipedia.org/wiki/Cashew","Nut"
"CUC","CRID","Cucumber","Cucumis sativus","Vegetable",NA,NA,NA,NA,NA,"C3","Annual",NA,NA,"Fruit",NA,"N",NA,NA,"https://en.wikipedia.org/wiki/Cucumber","Vegetables"
"CWP","CRID","Cowpea","Vigna unguiculata","Pulse",NA,NA,"CP","Cowpea","Cowpea","C3","Annual","SD",NA,"Seed",NA,"Y","Seed",NA,"https://en.wikipedia.org/wiki/Cowpea","Legumes"
"DAT","CRID","Dates","Phoenix dactylifera","Fruit",NA,NA,NA,NA,NA,"C3","Perennial",NA,NA,"Fruit",NA,"N",NA,NA,"https://en.wikipedia.org/wiki/Date_palm","Fruit crops"
"EGP","CRID","Eggplant","Solanum melongena","Vegetable",NA,NA,NA,NA,NA,"C3","Annual",NA,NA,"Fruit",NA,"N",NA,NA,"https://en.wikipedia.org/wiki/Eggplant","Vegetables"
"END","CRID","Endive","Cichorium endivia","Vegetable",NA,NA,NA,NA,NA,"C3","Annual","LD","Y","Leaves",NA,"N","Seed",NA,"en.wikipedia.org/wiki/Endive","Vegetables"
"BCR","CRID","Carinata","Brassica carinata","Bioenergy",NA,"Also known as ""Ethiopian mustard""","BC",NA,NA,"C3","Annual",NA,NA,"Seed",NA,"N","Seed",NA,"https://en.wikipedia.org/wiki/Brassica_carinata","Oil crops"
"FAL","CRID","Fallow",NA,NA,NA,NA,"FA","Fallow",NA,NA,NA,NA,NA,NA,NA,"N",NA,NA,NA,"Various"
"FBN","CRID","Faba bean","Vicia faba","Pulse",NA,NA,"FB","Fababean",NA,"C3","Annual",NA,NA,"Seed",NA,"Y","Seed",NA,"https://en.wikipedia.org/wiki/Vicia_faba","Legumes"
"FIG","CRID","Fig","Ficus carica","Fruit",NA,NA,"FG","Fig",NA,"C3","Perennial",NA,NA,"Fruit",NA,"N","Transplant",NA,"https://en.wikipedia.org/wiki/Fig","Fruit crops"
"FLX","CRID","Flax","Linum usitatissimum","Fiber",NA,NA,"FX",NA,NA,"C3","Annual",NA,NA,"Stem",NA,"N","Seed",NA,"https://en.wikipedia.org/wiki/Flax","Fiber"
"FML","CRID","Finger millet","Eleusine coracana","Cereal",NA,NA,NA,NA,NA,"C4","Annual",NA,NA,"Seed",NA,"N","Seed",NA,"https://en.wikipedia.org/wiki/Finger_millet","Cereals"
"FRG","CRID","Forage (generic)","(various)","Forage",NA,"Unidentified forage crop","G0",NA,NA,NA,"Perennial",NA,NA,"Shoot",NA,"N",NA,NA,NA,"Forages"
"FMZ","CRID","Forage maize","Zea mays","Forage",NA,NA,"MF",NA,NA,"C4","Annual",NA,NA,"Shoot",NA,"N","Seed",NA,"en.wikipedia.org/wiki/Maize",NA
"FSR","CRID","Red fescue","Festuca rubra","Turf","Ornamental","Creeping red fescue","FR",NA,NA,NA,"Perennial",NA,NA,NA,NA,NA,NA,NA,"https://en.wikipedia.org/wiki/Festuca_rubra",NA
"FXM","CRID","Foxtail millet","Setaria italica","Cereal",NA,NA,"FM","Foxtailmillet",NA,"C4","Annual",NA,NA,"Seed",NA,"N","Seed",NA,"https://en.wikipedia.org/wiki/Foxtail_millet","Cereals"
"GAR","CRID","Garlic","Allium sativum","Vegetable",NA,NA,"GA",NA,NA,"C3","Annual",NA,NA,"Bulb",NA,"N","Bulb",NA,"https://en.wikipedia.org/wiki/Garlic","Vegetables"
"GGR","CRID","Guinea grass","Megathyrsus maximus","Forage",NA,"Formerly Panicum maximum. In USA, an invasive weed.","GG",NA,NA,"C4","Perennial","SD","N","Shoot",NA,"N","Seed",NA,"en.wikipedia.org/wiki/Megathyrsus_maximus","Forages"
"GRV","CRID","Grass vegetations","(various)",NA,NA,NA,"GR","Grassvegetations",NA,NA,NA,NA,NA,NA,NA,"N",NA,NA,NA,"Various"
"GRW","CRID","Grass weeds","(various)",NA,NA,NA,"GW","Weed",NA,NA,NA,NA,NA,NA,NA,"N",NA,NA,NA,"Various"
"GUA","CRID","Guayule","Parthenium argentatum","Latex",NA,NA,"GU","Guayule",NA,"C3","Perennial",NA,NA,"Stem",NA,"N","Transplant","Seed","en.wikipedia.org/wiki/Parthenium_argentatum","Latex"
"GUR","CRID","Guar","Cyamopsis tetragonoloba","Specialty",NA,"Cluster bean","GY",NA,NA,"C3","Annual",NA,NA,"Seed",NA,"Y","Seed",NA,"en.wikipedia.org/wiki/Guar","Specialty"
"HMP","CRID","Hemp","Cannabis sativa","Fiber","Pharmaceutical",NA,"HM",NA,NA,"C3","Annual",NA,NA,"Stem",NA,"N","Seed",NA,"https://en.wikipedia.org/wiki/Hemp","Fiber"
"HOP","CRID","Hops","Humulus lupulus","Specialty",NA,"For brewing","HO","Hops",NA,"C3","Perennial",NA,NA,"Flower",NA,"N","Rhizome",NA,"en.wikipedia.org/wiki/Hops","Beverage"
"HSP","CRID","Hesperaloe","Hesperaloe spp.","Fiber, Bioenergy",NA,"""false yucca"", fiber and biomass new crop",NA,NA,NA,"CAM","Perennial",NA,NA,"Leaf",NA,"N",NA,NA,"https://en.wikipedia.org/wiki/Hesperaloe","Fiber"
"HVT","CRID","Hairy vetch","Vicia villosa Roth","Green manure","Forage",NA,"HV",NA,NA,"C3",NA,NA,NA,NA,NA,"Y",NA,NA,"https://en.wikipedia.org/wiki/Vicia_villosa",NA
"HZN","CRID","Hazelnut","Corylus avellana","Nut",NA,NA,NA,NA,NA,"C3","Perennial",NA,NA,"Seed",NA,"N",NA,NA,"https://en.wikipedia.org/wiki/Hazelnut","Nut"
"JAT","CRID","Jatropha","Jatropha curcas","Bioenergy",NA,NA,NA,NA,NA,"C3","Perennial",NA,NA,"Fruit",NA,"N",NA,NA,"https://en.wikipedia.org/wiki/Jatropha_curcas","Oil crops"
"JBN","CRID","Jack bean","Canavalia ensiformis","Pulse",NA,NA,"JB","Jackbean",NA,"C3","Annual",NA,NA,"Seed",NA,"Y","Seed",NA,"https://en.wikipedia.org/wiki/Canavalia_ensiformis","Legumes"
"JUT","CRID","Jute","Corchorus spp.","Fiber",NA,NA,"JT","Jute",NA,"C3","Annual",NA,NA,"Stem",NA,"N","Seed",NA,"en.wikipedia.org/wiki/Jute","Fiber"
"KNF","CRID","Kenaf","Hibiscus cannabinus","Fiber",NA,"Deccan hemp, Java jute","KF",NA,NA,"C3","Annual",NA,NA,"Stem",NA,"N","Seed",NA,"en.wikipedia.org/wiki/Kenaf","Fiber"
"LAB","CRID","Lablab","Dolichus lablab","Pulse",NA,NA,NA,NA,NA,"C3","Annual",NA,NA,"Seed",NA,"Y","Seed",NA,"https://en.wikipedia.org/wiki/Lablab","Legumes"
"LBN","CRID","Lima bean","Phaseolus lunatus","Pulse",NA,NA,"LB","Limabean","Lima bean","C3","Annual","SD",NA,"Seed",NA,"Y","Seed",NA,"en.wikipedia.org/wiki/Lima_bean","Legumes"
"LCG","CRID","Licorice","Glycyrrhiza glabra","Root crop",NA,NA,"LI",NA,NA,"C3","Perennial",NA,NA,"Root",NA,"Y",NA,NA,"https://en.wikipedia.org/wiki/Liquorice","Legumes"
"LCL","CRID","Licorice","Glycyrrhiza lepidota","Forage",NA,NA,NA,NA,NA,"C3","Perennial",NA,NA,"Leaf",NA,"Y",NA,NA,"https://plants.usda.gov/factsheet/pdf/fs_glle3.pdf","Forage"
"LEK","CRID","Leek","Alllium ampeloprasum","Vegetable",NA,NA,NA,NA,NA,"C3",NA,NA,NA,NA,NA,"N",NA,NA,"en.wikipedia.org/wiki/Leek","Vegetables"
"LEN","CRID","Lentil","Lens culinarus","Pulse",NA,NA,"LT","Lentil",NA,"C3","Annual",NA,NA,"Seed",NA,"Y","Seed",NA,NA,"Legumes"
"LET","CRID","Lettuce","Lactuca spp.","Vegetable",NA,NA,NA,NA,NA,"C3","Annual","LD","Y","Leaf",NA,"N","Seed",NA,NA,"Vegetables"
"MAZ","CRID","Maize","Zea mays","Cereal","Forage",NA,"MZ","Maize","Maize","C4","Annual",NA,NA,"Seed",NA,"N","Seed",NA,NA,"Cereals"
"MCN","CRID","Macadamia nut","Macadamia spp.","Nut",NA,NA,NA,NA,NA,"C3","Perennial",NA,NA,"Seed",NA,"N",NA,NA,NA,"Nut"
"MNG","CRID","Mung bean","Vigna radiata","Pulse",NA,"Green gram","MU",NA,NA,"C3","Annual","SD",NA,"Seed",NA,"Y","Seed",NA,"https://en.wikipedia.org/wiki/Mung_bean","Legumes"
"NPG","CRID","Napier grass","Pennisetum_purpureum","Forage, Bioenergy",NA,"Elephant grass","NP","Napiergrass",NA,"C4","Perennial",NA,NA,"Stem",NA,"N","Stem cutting",NA,NA,"Sugar/Energy"
"NPL","CRID","Nopal","Opuntia ficus-indica","Fruit","Vegetable, forage","Multiple other names. Other spp.","NL",NA,NA,"CAM","Perennial",NA,NA,"Fruit",NA,"N","Stem cutting",NA,"https://en.wikipedia.org/wiki/Opuntia_ficus-indica","Fruit crops"
"OST","CRID","Erect prickly pear","Opuntia stricta","Specialty",NA,NA,"OS",NA,NA,"CAM","Perennial",NA,NA,"Fruit",NA,"N","Stem cutting",NA,"https://en.wikipedia.org/wiki/Opuntia_stricta","Various"
"NCO","CRID","Cochineal nopal cactus","Nopalea cochenillifera",NA,NA,NA,"NC",NA,NA,"CAM","Perennial",NA,NA,"Fruit",NA,"N","Stem cutting",NA,"https://en.wikipedia.org/wiki/Opuntia_cochenillifera","Various"
"PTY","CRID","Pitaya","Stenocereus spp.","Fruit",NA,NA,"PY",NA,NA,"CAM","Perennial",NA,NA,"Fruit",NA,"N","Stem cutting",NA,"https://en.wikipedia.org/wiki/Stenocereus","Fruit crops"
"DRF","CRID","Dragon fruit","Selenicereus spp.","Fruit",NA,NA,"DF",NA,NA,"CAM","Perennial",NA,NA,"Fruit",NA,"N","Stem cutting",NA,"https://en.wikipedia.org/wiki/Selenicereus","Fruit crops"
"OAT","CRID","Oats","Avena sativa","Cereal, Forage",NA,NA,"OA","Oats",NA,"C3","Annual","LD",NA,"Seed",NA,"N","Seed",NA,NA,"Cereals"
"OKR","CRID","Okra","Abelmoschus esculentus","Vegetable",NA,NA,NA,NA,NA,"C3","Annual",NA,NA,"Fruit",NA,"N","Seed",NA,"https://en.wikipedia.org/wiki/Lentil","Vegetables"
"OLP","CRID","Oil palm","Elaeis spp.","Oil seed",NA,"E. guineensis & others","OP","Oilpalm",NA,"C3","Perennial",NA,NA,"Seed",NA,"N","Transplant",NA,"en.wikipedia.org/wiki/Elaeis","Oil crops"
"OLV","CRID","Olives","Olea europeae","Oil seed",NA,NA,NA,NA,NA,"C3","Perennial",NA,NA,"Seed",NA,"N",NA,NA,"https://en.wikipedia.org/wiki/Olive","Oil crops"
"ONI","CRID","Onion","Allium cepa","Vegetable",NA,"Includes scallion and green onions","ON","Onion",NA,"C3","Biennial","SD, ID, LD","Y","Bulb",NA,"N","Seed","Sets","en.wikipedia.org/wiki/Onion","Vegetables"
"OTH","CRID","Other","var.","var.",NA,"""Other"" refers to species not listed herein, or a mixture of species.",NA,NA,NA,NA,NA,NA,NA,NA,NA,NA,NA,NA,NA,NA
"PAR","CRID","Parsnip","Pastinaca sativa","Vegetable",NA,NA,NA,NA,NA,"C3","Biennial",NA,"Y","Root",NA,"N","Seed",NA,"https://en.wikipedia.org/wiki/Parsnip","Vegetables"
"PCH","CRID","Pak choi","Brassica rapa","Vegetable",NA,"Bok choy, pok choi",NA,NA,NA,"C3","Biennial",NA,NA,"Seed",NA,"N","Seed",NA,"https://en.wikipedia.org/wiki/Bok_choy","Vegetables"
"PCN","CRID","Pecan","Carya illinoinensis","Nut",NA,NA,NA,NA,NA,"C3","Perennial",NA,NA,"Seed",NA,"N",NA,NA,"https://en.wikipedia.org/wiki/Pecan","Nut"
"PEA","CRID","Pea","Pisum sativum","Pulse",NA,NA,"PE","Pea",NA,"C3","Annual","LD","Y","Seed",NA,"Y","Seed",NA,"https://en.wikipedia.org/wiki/Pea","Legumes"
"PER","CRID","Pear","Pyrus spp.","Fruit",NA,NA,"PA","Pear",NA,"C3","Perennial",NA,NA,"Fruit",NA,"N","Transplant",NA,"https://en.wikipedia.org/wiki/Pear","Fruit crops"
"PGP","CRID","Pigeon pea","Cajanus cajan","Pulse",NA,NA,"PP","Pigeonpea","Pigeonpea","C3","Annual","SD",NA,"Seed",NA,"Y","Seed",NA,"en.wikipedia.org/wiki/Pigeon_pea","Legumes"
"PLM","CRID","Plum","Prunus insititia","Fruit",NA,NA,NA,NA,NA,"C3","Perennial",NA,NA,"Fruit",NA,"N",NA,NA,"https://en.wikipedia.org/wiki/Plum","Fruit crops"
"PMK","CRID","Pumpkin","Cucurbita spp.","Vegetable",NA,NA,NA,NA,NA,"C3","Annual",NA,NA,"Fruit",NA,"N","Seed",NA,"https://en.wikipedia.org/wiki/Pumpkin","Vegetables"
"PML","CRID","Pearl millet","Pennisetum glaucum","Cereal",NA,NA,"ML","Millet","Pearl millet","C4","Annual",NA,NA,"Seed","Stage","N","Seed",NA,"https://en.wikipedia.org/wiki/Pearl_millet","Cereals"
"PNA","CRID","Pineapple","Ananas comosus","Fruit",NA,NA,"PI","Pineapple",NA,"CAM","Annual",NA,NA,"Fruit",NA,"N","Slips",NA,"en.wikipedia.org/wiki/Pineapple#Cultivation","Fruit crops"
"PNT","CRID","Peanut","Arachis hypogea","Oil seed, Pulse",NA,"Groundnut","PN","Peanut",NA,"C3","Annual","DN",NA,"Seed",NA,"Y","Seed",NA,"https://en.wikipedia.org/wiki/Peanut","Legumes"
"POP","CRID","Poplar","Populus spp.","Bioenergy",NA,NA,NA,NA,NA,"C3","Perennial",NA,NA,"Seed",NA,"N",NA,NA,"https://en.wikipedia.org/wiki/Populus","Sugar/Energy"
"POT","CRID","Potato","Solanum tunerosum","Tuber crop",NA,NA,"PT","Potato","Potato","C3","Annual",NA,NA,"Tuber","Date","N","Tubers",NA,"https://en.wikipedia.org/wiki/Potato","Root Crops"
"PPN","CRID","Perennial peanut","Arachis spp.","Forage",NA,NA,"PO","Peanut",NA,"C3","Perennial",NA,NA,"Shoot",NA,"Y","Seed",NA,"https://en.wikipedia.org/wiki/Arachis_glabrata","Forages"
"PPR","CRID","Bell pepper","Capsicum annum","Vegetable",NA,"Includes bell and chile","PR","Capsicumpepper",NA,"C3","Annual",NA,NA,"Fruit",NA,"N","Seed",NA,"en.wikipedia.org/wiki/Capsicum_annuum","Vegetables"
"PPY","CRID","Papaya","Carica papaya","Fruit",NA,NA,NA,NA,NA,"C3","Annual",NA,NA,"Fruit",NA,"N",NA,NA,"https://en.wikipedia.org/wiki/Papaya","Fruit crops"
"PRM","CRID","Proso millet","Panicum miliaceum","Cereal",NA,NA,"PM","Prosomillet",NA,"C4","Annual",NA,NA,"Seed",NA,"N","Seed",NA,"en.wikipedia.org/wiki/Proso_millet","Cereals"
"PRS","CRID","Parsley","Petroselenium crispum","Vegetable",NA,NA,NA,NA,NA,"C3","Biennial",NA,NA,"Seed",NA,"N","Seed",NA,"https://en.wikipedia.org/wiki/Parsley","Vegetables"
"PSM","CRID","Persimmon","Diospyros kaki","Fruit",NA,NA,NA,NA,NA,"C3","Perennial",NA,NA,"Fruit",NA,"N",NA,NA,"https://en.wikipedia.org/wiki/Persimmon","Fruit crops"
"PST","CRID","Pistachio","Pistacia vera","Nut",NA,NA,NA,NA,NA,"C3","Perennial",NA,NA,"Seed",NA,"N",NA,NA,"https://en.wikipedia.org/wiki/Pistachio","Nut"
"QUN","CRID","Quinoa","Chenopodium quinoa","Pseudocereal",NA,NA,"QU","Quinoa",NA,"C3","Annual",NA,NA,"Seed",NA,"N","Seed",NA,"https://en.wikipedia.org/wiki/Quinoa","Cereals"
"RAD","CRID","Radish","Raphanus sativus","Vegetable",NA,NA,"RD",NA,NA,"C3","Annual","LD","Y","Root",NA,"N",NA,NA,"https://en.wikipedia.org/wiki/Radish","Vegetables"
"RAP","CRID","Rape","Brassica rapa","Oil seed",NA,"Also as rapeseed, oilseed rape","RA","Rape",NA,"C3","Annual",NA,NA,"Seed",NA,"N","Seed",NA,"https://en.wikipedia.org/wiki/Rapeseed","Oil crops"
"RCL","CRID","Red clover","Trifolium pratense","Forage",NA,NA,"RC","Redclover",NA,"C3","Perennial",NA,NA,"Shoot",NA,"Y","Seed",NA,"en.wikipedia.org/wiki/Trifolium_pratense","Forages"
"RGA","CRID","Annual ryegrass","Festuca perennis","Silage","Turf","Also as Lolium multiflorum","RG",NA,NA,"C3","Annual",NA,NA,"Shoot",NA,"N","Seed",NA,"en.wikipedia.org/wiki/Festuca_perennis","Forages"
"RGP","CRID","Perennial ryegrass","Lolium perenne","Forage","Turf","See also annual ryegrass",NA,NA,NA,NA,"Perennial",NA,NA,"Shhot",NA,"N","Seed","Vegetative","https://en.wikipedia.org/wiki/Lolium_perenne","Forages"
"RHP","CRID","Rhizoma peanut","Arachis glabrata","Forage",NA,NA,"RP","Rhizomapeanut",NA,"C3","Perennial",NA,NA,"Shoot",NA,"N","Rhizomes",NA,"en.wikipedia.org/wiki/Arachis_glabrata","Forages"
"RIC","CRID","Rice","Oryza sativa","Cereal",NA,NA,"RI","Rice","Rice","C3","Annual",NA,NA,"Seed",NA,"N","Transplant","Seed","https://en.wikipedia.org/wiki/Rice","Cereals"
"RPN","CRID","Perennial rice","Oryza sativa","Cereal",NA,NA,"RN","Rice","Rice","C3","Perennial",NA,NA,"Seed",NA,"N","Transplant","Seed","https://en.wikipedia.org/wiki/Perennial_rice","Cereals"
"RYE","CRID","Rye","Secale cereale","Cereal","Forage, Cover crop",NA,"RY",NA,NA,"C3","Annual","LD","Y","Seed",NA,NA,"Seed",NA,"https://en.wikipedia.org/wiki/Rye","Cereals"
"SAF","CRID","Safflower","Carthamus tinctorius","Oil seed",NA,NA,"SF","Safflower",NA,"C3","Annual",NA,NA,"Seed",NA,"N","Seed",NA,"https://en.wikipedia.org/wiki/Safflower","Oil crops"
"SBN","CRID","Soybean","Glycine max","Pulse",NA,NA,"SB","Soybean","Soybean","C3","Annual",NA,NA,"Seed",NA,"Y","Seed",NA,"https://en.wikipedia.org/wiki/Soybean","Legumes"
"SBT","CRID","Sugar beet","Beta vulgaris","Sugar",NA,NA,"BS","Beetsugar",NA,"C3","Annual",NA,NA,"Root",NA,"N","Seed",NA,"en.wikipedia.org/wiki/Sugar_beet","Sugar/Energy"
"SES","CRID","Sesame","Sesamum indicum","Oil seed",NA,NA,"SS","Sesame",NA,"C3","Annual",NA,NA,"Seed",NA,"N","Seed",NA,"https://en.wikipedia.org/wiki/Sesame","Oil crops"
"SGG","CRID","Sorghum","Sorghum bicolor","Cereal","Forage, bioenergy",NA,"SG",NA,NA,"C4","Annual",NA,NA,"Seed",NA,"N","Seed",NA,"https://en.wikipedia.org/wiki/Sorghum","Cereals"
"SHL","CRID","Shallot","Allium cepa","Vegetable",NA,NA,NA,NA,NA,"C3","Annual",NA,NA,"Seed",NA,"N",NA,NA,"https://en.wikipedia.org/wiki/Shallot","Vegetables"
"SPN","CRID","Spinach","Spinacia oleracea","Vegetable",NA,NA,NA,NA,NA,"C3","Annual","LD",NA,"Leaf",NA,"N","Seed",NA,"https://en.wikipedia.org/wiki/Spinach","Vegetables"
"SQS","CRID","Summer squash","Cucurbita pepo","Vegetable",NA,NA,NA,NA,NA,"C3","Annual",NA,NA,"Fruit",NA,"N","Seed",NA,"https://en.wikipedia.org/wiki/Summer_squash","Vegetables"
"SQW","CRID","Winter squash","Cucurbita moschata","Vegetable",NA,NA,NA,NA,NA,"C3","Annual",NA,NA,"Fruit",NA,"N","Seed",NA,"https://en.wikipedia.org/wiki/Winter_squash","Vegetables"
"STB","CRID","Strawberry","Fragaria spp.","Fruit",NA,NA,"SR",NA,NA,"C3","Annual",NA,NA,"Fruit",NA,"N","Runners",NA,"en.wikipedia.org/wiki/Strawberry","Fruit crops"
"STR","CRID","Shrubs/trees","(various)",NA,NA,NA,"ST","Tree",NA,"C3","Perennial",NA,NA,NA,NA,"N",NA,NA,NA,"Various"
"STV","CRID","Stevia","Stevia rebaudiana","Artificial sweetener",NA,NA,"SV",NA,NA,NA,"Perennial",NA,NA,"Leaves",NA,"N","Seeds","Cuttings","en.wikipedia.org/wiki/Stevia_rebaudiana","Various"
"SUC","CRID","Sugarcane","Saccharum spp.","Sugar",NA,NA,"SC","Sugar",NA,"C4","Perennial",NA,NA,"Stem",NA,"N","Stem cutting",NA,"https://en.wikipedia.org/wiki/Sugarcane","Sugar/Energy"
"SUN","CRID","Sunflower","Helianthus annuus","Oil seed",NA,NA,"SU","Sunflower",NA,"C3","Annual",NA,NA,"Seed",NA,"N","Seed",NA,"https://en.wikipedia.org/wiki/Common_sunflower","Oil crops"
"SWC","CRID","Sweet corn","Zea mays","Vegetable",NA,NA,"SW",NA,NA,"C4","Annual",NA,NA,"Seed",NA,"N","Seed",NA,"https://en.wikipedia.org/wiki/Sweet_corn","Vegetables"
"SWG","CRID","Switch grass","Panicum virgatum","Bioenergy","Forage",NA,"SI","Switchgrass",NA,"C3","Perennial",NA,NA,"Seed",NA,"N","Seed",NA,"en.wikipedia.org/wiki/Panicum_virgatum","Sugar/Energy"
"SWP","CRID","Sweet potato","Ipomoea batata","Root crop",NA,NA,"SP","Sweetpotato","Sweet potato","C3","Annual",NA,NA,"Root","Date","N","Stem cutting","Root cutting, slips","https://en.wikipedia.org/wiki/Sweet_potato","Root Crops"
"TAN","CRID","Tanier","Xanthosoma spp","Tuber crop",NA,"Also known as cocoyam, tannier, malanga, yautia, dasheen, etc.","TN","Tanier",NA,"C3","Annual",NA,NA,"Corm",NA,"N","Corm pieces",NA,"en.wikipedia.org/wiki/Xanthosoma","Root Crops"
"TAR","CRID","Taro","Colocasia esculenta","Tuber crop",NA,NA,"TR","Taro",NA,"C3","Annual",NA,NA,"Tuber",NA,"N","Hulls","Tuber pieces","en.wikipedia.org/wiki/Taro","Root Crops"
"TBN","CRID","Tepary bean","Phaseolus acutifolius","Pulse",NA,NA,"TB","Teparybean",NA,"C3","Annual",NA,NA,"Seed",NA,"Y","Seed",NA,"en.wikipedia.org/wiki/Phaseolus_acutifolius","Legumes"
"TEA","CRID","Tea","Camellia sinensis","Beverage",NA,NA,NA,NA,NA,"C3","Perennial",NA,NA,"Leaf",NA,"N",NA,NA,"https://en.wikipedia.org/wiki/Tea","Beverage"
"TEF","CRID","Teff","Eragrostis tef","Cereal","Forage","Ethiopian small grain","TF",NA,NA,"C4","Annual",NA,NA,"Seed",NA,"N","Seed",NA,"en.wikipedia.org/wiki/Eragrostis_tef","Cereals"
"TFS","CRID","Tall fescue","Lolium arundinaceum","Forage",NA,NA,"TS","Tallfescue",NA,"C3","Perennial",NA,NA,"Shoot",NA,"N","Seed",NA,"en.wikipedia.org/wiki/Festuca_arundinacea","Forages"
"TGR","CRID","Table grape","Vitis spp.","Fruit",NA,"Various edible (non-wine) types","TG","Tablegrape",NA,"C3","Perennial",NA,NA,"Fruit",NA,"N","Transplant",NA,"en.wikipedia.org/wiki/Table_grape","Fruit crops"
"TNP","CRID","Turnip","Brassica rapa","Vegetable",NA,NA,NA,NA,NA,"C3","Annual",NA,"Y","Root",NA,"N","Seed",NA,"https://en.wikipedia.org/wiki/Turnip","Vegetables"
"TOB","CRID","Tobacco","Nicotiana tabacum","Pharmaceutical",NA,NA,NA,NA,NA,"C3","Perennial",NA,NA,"Leaf",NA,"N","Seed",NA,"https://en.wikipedia.org/wiki/Tobacco","Various"
"TOM","CRID","Tomato","Solanumn lycopersicum","Vegetable",NA,"Formerly ""Lycopersicon esculentum""","TM","Tomato",NA,"C3","Annual","SD",NA,"Fruit",NA,"N","Seed",NA,"en.wikipedia.org/wiki/Tomato","Vegetables"
"TRT","CRID","Triticale","x Triticosecale","Cereal, forage",NA,NA,"TL","Triticale",NA,"C3","Annual",NA,NA,"Seed",NA,"N","Seed",NA,"https://en.wikipedia.org/wiki/Triticale","Cereals"
"VBN","CRID","Velvet bean","Mucuna pruriens","Green manure",NA,"Mucuna","VB","Velvetbean","Mucuna","C3","Annual",NA,NA,"Seed",NA,"Y","Seed",NA,"https://en.wikipedia.org/wiki/Mucuna_pruriens","Legumes"
"VIN","CRID","Wine grape","Vitis spp.","Fruit",NA,NA,"VI","Vine",NA,"C3","Perennial",NA,NA,"Fruit",NA,"N","Transplant",NA,"https://en.wikipedia.org/wiki/Vitis_vinifera","Fruit crops"
"VMG","CRID","Black gram","Vigna mungo","Pulse",NA,"Various small-seeded legumes of S Asia including urad bean, ulundu","VM",NA,NA,"C3","Annual","SD",NA,"Seed",NA,"Y","Seed",NA,"https://en.wikipedia.org/wiki/Vigna_mungo","Legumes"
"WHB","CRID","Bread wheat","Triticum aestivum","Cereal",NA,"Bread, pastries","WH","Wheat","Wheat","C3","Annual",NA,NA,"Seed",NA,"N","Seed",NA,"https://en.wikipedia.org/wiki/Common_wheat","Cereals"
"WHD","CRID","Durum wheat","Triticum turgidum durum","Cereal",NA,"Pasta","WH","Wheat","Wheat","C3","Annual",NA,NA,"Seed",NA,"N","Seed",NA,"https://en.wikipedia.org/wiki/Durum_wheat","Cereals"
"WHT","CRID","Wheat","Triticum spp.","Cereal","Forage","All types","WH",NA,NA,"C3","Annual",NA,NA,"Seed",NA,"N","Seed",NA,"https://en.wikipedia.org/wiki/Wheat","Cereals"
"WIL","CRID","Willow","Salix spp.","Bioenergy",NA,NA,NA,NA,NA,"C3","Perennial",NA,NA,"Seed",NA,"N",NA,NA,"https://en.wikipedia.org/wiki/Willow","Sugar/Energy"
"WML","CRID","Watermelon","Citrullus lanatus","Fruit",NA,NA,NA,NA,NA,"C3","Annual",NA,NA,"Fruit",NA,"N","Seed",NA,"https://en.wikipedia.org/wiki/Watermelon","Fruit crops"
"WNB","CRID","Black walnut","Juglans nigra","Nut",NA,NA,NA,NA,NA,"C3","Perennial",NA,NA,"Seed",NA,"N",NA,NA,"https://en.wikipedia.org/wiki/Juglans_nigra","Nut"
"WNT","CRID","Walnut","Juglans regia","Nut",NA,"English or Persian",NA,NA,NA,"C3","Perennial",NA,NA,"Seed",NA,"N",NA,NA,"https://en.wikipedia.org/wiki/Walnut","Nut"
"YAM","CRID","Yam","Dioscorea spp.","Tuber crop",NA,"""Yam"" is often applied to sweet potato",NA,NA,NA,"C3","Annual",NA,NA,"Tuber",NA,"N",NA,NA,"https://en.wikipedia.org/wiki/Yam_(vegetable)","Root Crops"
"ZZ1","CRID","Cereal-unknown or mixture",NA,"Cereal",NA,NA,NA,NA,NA,NA,NA,NA,NA,NA,NA,NA,NA,NA,NA,NA
"ZZ2","CRID","Legume-unknown or mixture",NA,"Legume",NA,NA,NA,NA,NA,NA,NA,NA,NA,NA,NA,NA,NA,NA,NA,NA
"ZZ3","CRID","Grass-unknown or mixture",NA,NA,NA,NA,NA,NA,NA,NA,NA,NA,NA,NA,NA,NA,NA,NA,NA,NA
"ZZ4","CRID","Cover crop-unknown or mixture",NA,"Cover crop",NA,NA,NA,NA,NA,NA,NA,NA,NA,NA,NA,NA,NA,NA,NA,NA
