"name","type","unit","vocabulary","valid_min","valid_max","description","Code_Display","Code_Query","Variable_Order","Variable_Key","Unit_or_type","Data_type","Dataset","Subset","Group","SubGroup","Set_group_order","Version_or_questions","DSSAT_synon","DSSAT_group","DSSAT_order"
"Exp_id","numeric","","","","","id","EID","EID",0,NA,NA,"single","EXPERIMENT","MANAGEMENT","TREATMENTS",NA,2011,NA,NA,NA,NA
"treatment_ID","numeric","","","","","Treatment identifier, unique internal ID","TREAT_ID","TREAT_ID",1,1,"number","single","EXPERIMENT","MANAGEMENT","TREATMENTS",NA,2011,NA,NA,NA,NA
"experiment_ID","character","","","","","Experiment database key, links to ED table","EXPER_ID","EXPER_ID",2,1,"text","text","EXPERIMENT","MANAGEMENT","TREATMENTS",NA,2011,NA,NA,NA,NA
"treatment_number","numeric","","","","","Treatment number","TRTNO","TRTNO",3,NA,"number","single","EXPERIMENT","MANAGEMENT","TREATMENTS",NA,2011,NA,"TN","TREATMENTS",2101
"replicate_number","numeric","","","","","Replicate number","RP","RP",4,NA,"number","single","EXPERIMENT","MANAGEMENT","TREATMENTS",NA,2011,NA,".",NA,NA
"sequence_number","numeric","","","","","Sequence number","SQ","SQ",5,NA,"number","single","EXPERIMENT","MANAGEMENT","TREATMENTS",NA,2011,NA,"R","TREATMENT",2102
"option_for_crop_in_seq","numeric","","","","","Option for crop in sequence (e.g., crop failed)","OP","OP",6,NA,"number","single","EXPERIMENT","MANAGEMENT","TREATMENTS",NA,2011,NA,"O","TREATMENT",2103
"crop_component_number","numeric","","","","","Crop component number","CO","CO",7,NA,"number","single","EXPERIMENT","MANAGEMENT","TREATMENTS",NA,2011,NA,"C","TREATMENT",2104
"treatment_name","character","","","","","Treatment name","TRT_NAME","TRT_NAME",8,NA,"text","text","EXPERIMENT","MANAGEMENT","TREATMENTS",NA,2011,NA,"TNAME, TNAM","TREATMENT",2105
"genotype_level_number","numeric","","","","","Genotype level number","GE","GE",9,NA,"number","single","EXPERIMENT","MANAGEMENT","TREATMENTS",NA,2011,NA,"CU","TREATMENT",2111
"genotype_level_id","numeric","","","","","Genotype level database key","GE_id","GE_id",10,NA,"number","single","EXPERIMENT","MANAGEMENT","TREATMENTS",NA,2011,NA,NA,NA,NA
"field_level","numeric","","","","","Field level identifier","FL","FL",11,NA,"number","single","EXPERIMENT","MANAGEMENT","TREATMENTS",NA,2011,NA,"FL","TREATMENT",2112
"field_level","numeric","","","","","Field level database key","FL_id","FL_id",12,NA,"number","single","EXPERIMENT","MANAGEMENT","TREATMENTS",NA,2011,NA,".",NA,NA
"soil_analysis_level","numeric","","","","","Soil analysis, treatment level identifier","SA","SA",13,NA,"number","single","EXPERIMENT","MANAGEMENT","TREATMENTS",NA,2011,NA,"SA","TREATMENT",2113
"soil_analysis_level","numeric","","","","","Soil analysis, database key","SA_id","SA_id",14,NA,"number","single","EXPERIMENT","MANAGEMENT","TREATMENTS",NA,2011,NA,NA,NA,NA
"initial_conditions_level","numeric","","","","","Initial conditions level","IC","IC",15,NA,"number","single","EXPERIMENT","MANAGEMENT","TREATMENTS",NA,2011,NA,"IC","TREATMENT",2114
"initial_conditions_level","numeric","","","","","Initial conditions database key","IC_id","IC_id",16,NA,"number","single","EXPERIMENT","MANAGEMENT","TREATMENTS",NA,2011,NA,NA,NA,NA
"planting_level","numeric","","","","","Planting, level in treatment structure","PL","PL",17,NA,"number","single","EXPERIMENT","MANAGEMENT","TREATMENTS",NA,2011,NA,"MP","TREATMENT",2115
"planting_level","numeric","","","","","Planting, database key for treatments","PL_id","PL_id",18,NA,"number","single","EXPERIMENT","MANAGEMENT","TREATMENTS",NA,2011,NA,NA,NA,NA
"irrigation_level","numeric","","","","","Irrigation level in treatment structure","IR","IR",19,NA,"number","single","EXPERIMENT","MANAGEMENT","TREATMENTS",NA,2011,NA,"MI","TREATMENT",2116
"irrigation_level","numeric","","","","","Irrigation level database key for treatments","IR_id","IR_id",20,NA,"number","single","EXPERIMENT","MANAGEMENT","TREATMENTS",NA,2011,NA,".",NA,NA
"fertilizer_level","numeric","","","","","Fertilizer level in treatment structure","FE","FE",21,NA,"number","single","EXPERIMENT","MANAGEMENT","TREATMENTS",NA,2011,NA,"MF","TREATMENT",2117
"fertilizer_level","numeric","","","","","Fertilizer level database key for treatments","FE_id","FE_id",22,NA,"number","single","EXPERIMENT","MANAGEMENT","TREATMENTS",NA,2011,NA,NA,NA,NA
"org_materials_applic_lev","numeric","","","","","Organic materials application level","OM","OM",23,NA,"number","single","EXPERIMENT","MANAGEMENT","TREATMENTS",NA,2011,NA,"MR","TREATMENT",2118
"org_materials_applic_lev","numeric","","","","","Organic materials database key","OM_id","OM_id",24,NA,"number","single","EXPERIMENT","MANAGEMENT","TREATMENTS",NA,2011,NA,NA,NA,NA
"chemical_applic_level","numeric","","","","","Chemicals application level","CH","CH",25,NA,"number","single","EXPERIMENT","MANAGEMENT","TREATMENTS",NA,2011,NA,"MC","TREATMENT",2119
"chemical_applic_level","numeric","","","","","Chemicals application database key","CH_id","CH_id",26,NA,"number","single","EXPERIMENT","MANAGEMENT","TREATMENTS",NA,2011,NA,NA,NA,NA
"tillage_level","numeric","","","","","Tillage operation level","TI","TI",27,NA,"number","single","EXPERIMENT","MANAGEMENT","TREATMENTS",NA,2011,NA,"MT","TREATMENT",2120
"tillage_level","numeric","","","","","Tillage operation level","TI_id","TI_id",28,NA,"number","single","EXPERIMENT","MANAGEMENT","TREATMENTS",NA,2011,NA,".",NA,NA
"environmental_modif_lev","numeric","","","","","Environmental modifications level","EM","EM",29,NA,"number","single","EXPERIMENT","MANAGEMENT","TREATMENTS",NA,2011,NA,"ME","TREATMENT",2119
"environmental_modif_lev","numeric","","","","","Environmental modifications database key for treatment levels","EM_id","EM_id",30,NA,"number","single","EXPERIMENT","MANAGEMENT","TREATMENTS",NA,2011,NA,NA,NA,NA
"harvest_operations_level","numeric","","","","","Harvest operations level","HA","HA",31,NA,"number","single","EXPERIMENT","MANAGEMENT","TREATMENTS",NA,2011,NA,"MH","TREATMENT",2121
"harvest_operations_level","numeric","","","","","Harvest operations database key for treatment levels","HA_id","HA_id",32,NA,"number","single","EXPERIMENT","MANAGEMENT","TREATMENTS",NA,2011,NA,NA,NA,NA
"simulation_control_level","numeric","","","","","Simulation control level","SM","SM",35,NA,"number","single","EXPERIMENT","MANAGEMENT","TREATMENTS",NA,2011,NA,"SM","TREATMENT",2123
"simulation_control_level","numeric","","","","","Simulation control database key for treatment levels","SM_id","SM_id",36,NA,"number","single","EXPERIMENT","MANAGEMENT","TREATMENTS",NA,2011,NA,".",NA,NA
"mulch_level","numeric","","","","","Mulch treatment level","ML","ML",33,NA,"number","single","EXPERIMENT","MANAGEMENT","TREATMENTS",NA,2011,"Vers 1.1","ML","TREATMENT",2122
"mulch_level","numeric","","","","","Mulch treatment database key for treatment levels","ML_id","ML_id",34,NA,"number","single","EXPERIMENT","MANAGEMENT","TREATMENTS",NA,2011,"Vers 1.1",NA,NA,NA
"treatment_comments","character","","","","","Treatment, extended comments on treatments","TR_NOTES","TR_NOTES",37,NA,"text","memo","EXPERIMENT","MANAGEMENT","TREATMENTS",NA,2011,NA,NA,"TREATMENT",2199
"id","numeric","","","","","id","id","id",0,1,NA,"single","EXPERIMENT","MANAGEMENT","GENOTYPES",NA,2021,NA,NA,NA,NA
"cultivar_level","numeric","","","","","Genotype level, as listed in Treatments table under GE","GE","GE",1,NA,"number","single","EXPERIMENT","MANAGEMENT","GENOTYPES",NA,2021,NA,"CU","CULTIVARS",2201
"crop_ident_ICASA","character","","crop","","","Crop (or weed) species identifier","CRID","CRID",3,NA,"code","text","EXPERIMENT","MANAGEMENT","GENOTYPES",NA,2021,NA,"CR","CULTIVARS",2202
"cultivar_identifier","character","","","","","Cultivar, line or genotype identifier","CUL_ID","CUL_ID",4,NA,"code","text","EXPERIMENT","MANAGEMENT","GENOTYPES",NA,2021,NA,"INGENO","CULTIVARS",2203
"relative_maturity","numeric","days","","","","Relative maturity","RM","RM",5,NA,"days","single","EXPERIMENT","MANAGEMENT","GENOTYPES",NA,2021,NA,NA,NA,NA
"cultivar_name","character","","","","","Cultivar name","CUL_NAME","CUL_NAME",6,NA,"text","text","EXPERIMENT","MANAGEMENT","GENOTYPES",NA,2021,NA,"CNAME","CULTIVARS",2204
"cultivar_notes","character","","","","","Cultivar notes","CUL_NOTES","CUL_NOTES",19,NA,"text","text","EXPERIMENT","MANAGEMENT","GENOTYPES",NA,2021,NA,NA,NA,NA
"crop_intended_use","character","","genotypes","","","Intended use of crop","CROP_USE","CROP_USE",NA,NA,"code","text","EXPERIMENT","MANAGEMENT","GENOTYPES",NA,2021,"2023-03-06, CHP",NA,NA,NA
"cultivar_name_orig","character","","","","","Cultivar name as given in original (source) data","CUL_ORIG","CUL_ORIG",7,NA,"text","text","EXPERIMENT","MANAGEMENT","GENOTYPES",NA,2021,"JWW",NA,NA,NA
"cultivar_synonym",NA,"","","","",NA,"CUL_SYN","CUL_SYN",8,NA,NA,NA,"EXPERIMENT","MANAGEMENT","GENOTYPES",NA,2021,"JWW",NA,NA,NA
"cultivar_class","character","","","","","Description according to commonly used scales (e.g., “hard red spring wheat”)","CUL_CL","CUL_CL",9,NA,"text","text","EXPERIMENT","MANAGEMENT","GENOTYPES",NA,2021,"JWW",NA,NA,NA
"cultivar_seed_weight","numeric","mg","","","","Characteristic weight of a single representative seed","CUL_SEED_WT","CUL_SEED_WT",10,NA,"mg","single","EXPERIMENT","MANAGEMENT","GENOTYPES",NA,2021,"JWW",NA,NA,NA
"cultivar_release_year",NA,"","","","","Year the cultivar was released","CUL_YEAR","CUL_YEAR",11,NA,NA,NA,"EXPERIMENT","MANAGEMENT","GENOTYPES",NA,2021,"JWW",NA,NA,NA
"breeding_program","numeric","","","","","The program/company that developed the cultivar","BREED_PRG","BREED_PRG",12,NA,"number","single","EXPERIMENT","MANAGEMENT","GENOTYPES",NA,2021,"JWW",NA,NA,NA
"accession_id","character","","","","","USDA Plant accession number of similar collection identifier","ACCES_ID","ACCES_ID",13,NA,"text","text","EXPERIMENT","MANAGEMENT","GENOTYPES",NA,2021,"JWW",NA,NA,NA
"accession_location","character","","","","","Name of institution or collection that provided accession id (e.g. USDA)","ACCES_LOC","ACCES_LOC",14,NA,"text","text","EXPERIMENT","MANAGEMENT","GENOTYPES",NA,2021,"JWW",NA,NA,NA
"pedigree","character","","","","","Immediate parents in Purdey notation or similar notation","PEDIGREE","PEDIGREE",15,NA,"text","text","EXPERIMENT","MANAGEMENT","GENOTYPES",NA,2021,"JWW",NA,NA,NA
"cultivar_reference","character","","","","","URL, DOI or other link to description of cultivar","CUL_REF","CUL_REF",16,NA,"text","text","EXPERIMENT","MANAGEMENT","GENOTYPES",NA,2021,NA,NA,NA,NA
"id","numeric","","","","","id","id","id",-1,1,NA,"single","EXPERIMENT","MANAGEMENT","FIELDS",NA,2031,NA,NA,NA,NA
"soil_ID","numeric","","","","","Unique soil identifier linking from SOIL_PROFILES","SID","SID",0,NA,"number","single","EXPERIMENT","MANAGEMENT","FIELDS",NA,2031,NA,"ID_SOIL","FIELDS",2313
"field_level","numeric","","","","","Field level identifier","FL","FL",1,NA,"number","single","EXPERIMENT","MANAGEMENT","FIELDS",NA,2031,NA,"FL","FIELDS",2301
"field_id","character","","","","","Field, identifier usually consisting of institution+site+4 digit number","ID_FIELD","ID_FIELD",2,NA,"text","text","EXPERIMENT","MANAGEMENT","FIELDS",NA,2031,NA,"ID_FIELD","FIELDS",2302
"field_name","character","","","","","Field name","FL_NAME","FL_NAME",3,NA,"text","text","EXPERIMENT","MANAGEMENT","FIELDS",NA,2031,NA,"FLNAME, FNAM","FIELDS",2314
"field_country","character","","","","","Name of country where field is located","FL_LOC_1","FL_LOC_1",5,NA,"text","text","EXPERIMENT","MANAGEMENT","FIELDS",NA,2031,NA,".",NA,NA
"field_sub_country","character","","","","","First political subdivision for field location (e.g., state, province, department)","FL_LOC_2","FL_LOC_2",6,NA,"text","text","EXPERIMENT","MANAGEMENT","FIELDS",NA,2031,NA,".",NA,NA
"field_sub_sub_country","character","","","","","Second political subdivision for field location (e.g, county)","FL_LOC_3","FL_LOC_3",7,NA,"text","text","EXPERIMENT","MANAGEMENT","FIELDS",NA,2031,NA,".",NA,NA
"field_latitude","numeric","degrees","","-80","80","Field latitude","FL_LAT","FL_LAT",11,NA,"decimal_degrees","single","EXPERIMENT","MANAGEMENT","FIELDS",NA,2031,NA,"YCRD","FIELDS",2322
"field_longitude","numeric","degrees","","-180","180","Field longitude, E positive, W negative","FL_LONG","FL_LONG",12,NA,"decimal_degrees","single","EXPERIMENT","MANAGEMENT","FIELDS",NA,2031,NA,"XCRD","FIELDS",2321
"field_loc_anon","character","","","","","Anonymization of field location (Y or N)","FL_ANON","FL_ANON",NA,NA,"text","text","EXPERIMENT","MANAGEMENT","FIELDS",NA,2031,NA,NA,NA,NA
"field_location_source","character","","","","","Source of field location data, indication of accuracy of FL_LAT and FL_LONG","LOC_SOURCE","LOC_SOURCE",12,NA,"text","text","EXPERIMENT","MANAGEMENT","FIELDS",NA,2031,"2013-09-13, CHP",".",NA,NA
"field_geocoord_original","character","","","","","Original geocoordinates as given in source as text","FL_GEOCOORD_ORIG","FL_GEOCOORD_ORIG",12,NA,"text","text","EXPERIMENT","MANAGEMENT","FIELDS",NA,2031,"2017-03-17, JWW",NA,NA,NA
"field_elevation","numeric","m","","-400","5000","Elevation of field site","FLELE","FLELE",13,NA,"m","single","EXPERIMENT","MANAGEMENT","FIELDS",NA,2031,NA,"ELEV","FIELDS",2323
"field_landscape_position","character","","field_landscape_position","","","Landscape class of location (e.g., coastal)","FL_LAND","FL_LAND",14,NA,"code","text","EXPERIMENT","MANAGEMENT","FIELDS",NA,2031,"2013-02-07, JWW",".",NA,NA
"field_slope","numeric","percent","","0","90","Field slope (from horizontal)","FLSL","FLSL",15,NA,"percent","single","EXPERIMENT","MANAGEMENT","FIELDS",NA,2031,NA,"FLSA","FIELDS",2304
"field_slope_length","numeric","m","","0","","Field slope length","FLSLL","FLSLL",16,NA,"m","single","EXPERIMENT","MANAGEMENT","FIELDS",NA,2031,NA,"SLEN","FIELDS",2315
"field_slope_aspect","character","","","0","","Field slope aspect, W, nW, etc.","FLSLA","FLSLA",17,NA,"text","text","EXPERIMENT","MANAGEMENT","FIELDS",NA,2031,NA,"SLSA","FIELDS",2317
"field_surface_stones","character","%+","","","","Surface stones (Abundance, % + Size, S,M,L)","FLSST","FLSST",18,NA,"%+code","text","EXPERIMENT","MANAGEMENT","FIELDS",NA,2031,NA,"FLST","FIELDS",2310
"field_area","numeric","m2","","0","","Field area","FAREA","FAREA",19,NA,"m2","single","EXPERIMENT","MANAGEMENT","FIELDS",NA,2031,NA,"AREA","FIELDS",2324
"obstruction_to_sun","numeric","degrees","","0","90","Obstruction to sun","FLOB","FLOB",20,NA,"arc_degrees","single","EXPERIMENT","MANAGEMENT","FIELDS",NA,2031,NA,"FLOB","FIELDS",2305
"field_length_width_ratio","numeric","","","","","Field length to width ratio","FLLWR","FLLWR",21,NA,"number","single","EXPERIMENT","MANAGEMENT","FIELDS",NA,2031,NA,"FLWR","FIELDS",2316
"field_plow_layer_depth","numeric","cm","","0","","Field plow layer depth","FL_PLOWD","FL_PLOWD",22,NA,"cm","single","EXPERIMENT","MANAGEMENT","FIELDS",NA,2031,NA,".",NA,NA
"field_plow_layer_compac","numeric","","","","","Field plow layer compaction (0 to 1 scale)","FL_PLOWDC","FL_PLOWDC",23,NA,"number","single","EXPERIMENT","MANAGEMENT","FIELDS",NA,2031,NA,".",NA,NA
"field_history_duration",NA,"year","","","","Field history duration under cultivation","FL_DUR","FL_DUR",27,NA,"year",NA,"EXPERIMENT","MANAGEMENT","FIELDS",NA,2031,NA,"FLDUR","FIELDS",2319
"field_history","character","","","","","History based on intensity, crops, or prior vegetation","FL_HIST","FL_HIST",28,NA,"code",NA,"EXPERIMENT","MANAGEMENT","FIELDS",NA,2031,NA,"FLHST","FIELDS",2318
"drainage_type","character","","drainage_management","","","Drainage, type in field","FL_DRNTYPE","FL_DRNTYPE",23,NA,"code","text","EXPERIMENT","MANAGEMENT","FIELDS",NA,2031,NA,"FLDT","FIELDS",2307
"depth_to_drain","numeric","cm","","0","","Drain, depth in field","FLDRD","FLDRD",24,NA,"cm","single","EXPERIMENT","MANAGEMENT","FIELDS",NA,2031,NA,"FLDD","FIELDS",2308
"drain_spacing","numeric","m","","0","","Drain spacing","FLDRS","FLDRS",25,NA,"m","single","EXPERIMENT","MANAGEMENT","FIELDS",NA,2031,NA,"FLDS","FIELDS",2309
"drain_radius","numeric","cm","","","","Drain radius","FLDRAD","FLDRAD",26,NA,"cm","single","EXPERIMENT","MANAGEMENT","FIELDS",NA,2031,NA,NA,NA,NA
"weather_sta_identifier","character","","","","","Subset name for a single weather station","WTH_SUBSET","WTH_SUBSET",31,NA,"code","text","EXPERIMENT","MANAGEMENT","FIELDS",NA,2031,NA,"WSTA","FIELDS",2303
"weather_file","character","","","","","Weather dataset containing relevant data","WTH_DATASET","WTH_DATASET",32,NA,"text","text","EXPERIMENT","MANAGEMENT","FIELDS",NA,2031,NA,NA,NA,NA
"wsta_distance","numeric","m","","","","Distance from weather station to field (m)","WST_DIST","WST_DIST",33,NA,"m","single","EXPERIMENT","MANAGEMENT","FIELDS",NA,2031,NA,NA,NA,NA
"soil_identifier","character","","","","","Soil identifier","SOIL_SUBSET","SOIL_SUBSET",41,NA,"code","text","EXPERIMENT","MANAGEMENT","FIELDS",NA,2031,NA,NA,NA,NA
"soil_file","character","","","","","File containing relevant soil profile description","SOIL_DATASET","SOIL_DATASET",42,NA,"text","text","EXPERIMENT","MANAGEMENT","FIELDS",NA,2031,NA,NA,NA,NA
"water_table_depth","numeric","cm","","0","","Water table depth","DTWT","DTWT",45,NA,"cm","single","EXPERIMENT","MANAGEMENT","FIELDS",NA,2031,NA,".",NA,NA
"field_notes","character","","","","","Field, short notes","FL_NOTES","FL_NOTES",51,NA,"text","text","EXPERIMENT","MANAGEMENT","FIELDS",NA,2031,NA,NA,NA,NA
"field_soil_texture","character","","","","","Field observed soil texture","FL_SLTX","FL_SLTX",46,NA,"code","text","EXPERIMENT","MANAGEMENT","FIELDS",NA,2031,"2013-06-06, CHP","SLTX","FIELDS",2311
"field_soil_depth","numeric","cm","","","","Soil depth","FL_SLDP","FL_SLDP",NA,NA,"cm","single","EXPERIMENT","MANAGEMENT","FIELDS",NA,2031,NA,"SLDP","FIELDS",2312
"soil_analysis_date","character","date","","1","99365","Soil analysis date","SADAT","SADAT",-99,NA,"date","single","EXPERIMENT","MANAGEMENT","SOIL_ANALYSES",NA,2041,NA,"SADAT","SOIL ANALYSIS",2402
"id","numeric","","","","","id","id","id",0,1,NA,"single","EXPERIMENT","MANAGEMENT","SOIL_ANALYSES",NA,2041,NA,NA,NA,NA
"soil_analysis_level","numeric","","","","","Soil analysis, treatment level identifier","SA","SA",1,NA,"number","single","EXPERIMENT","MANAGEMENT","SOIL_ANALYSES",NA,2041,NA,"SA","SOIL ANALYSIS",2401
"soil_analysis_name","character","","","","","Soil analysis name","SA_NAME","SA_NAME",2,NA,"text","text","EXPERIMENT","MANAGEMENT","SOIL_ANALYSES",NA,2041,NA,"SANAME","SOIL ANALYSIS",2406
"soil_family_NRCS_system","character","","","","","Soil family, NRCS system","NRCSFAM","NRCSFAM",3,NA,"text","text","EXPERIMENT","MANAGEMENT","SOIL_ANALYSES",NA,2041,NA,".",NA,NA
"soil_analysis_year","numeric","year","","","","Soil analysis year","SAYR","SAYR",4,NA,"year","single","EXPERIMENT","MANAGEMENT","SOIL_ANALYSES",NA,2041,NA,".",NA,NA
"soil_analysis_day","numeric","day","","0","366","Soil analysis day of year or days after planting","SADAY","SADAY",5,NA,"day","single","EXPERIMENT","MANAGEMENT","SOIL_ANALYSES",NA,2041,NA,".",NA,NA
"soil_analys_meth_pH_buff","character","","soil_analys_meth_ph_buff","","","Soil anlysis method for pH in buffer solution","SAMHB","SAMHB",6,NA,"code","text","EXPERIMENT","MANAGEMENT","SOIL_ANALYSES",NA,2041,NA,"SMHB","SOIL ANALYSIS",2403
"soil_anal_meth_P_extract","character","","","","","Soil analysis method for P extraction","SAMPX","SAMPX",7,NA,"code","text","EXPERIMENT","MANAGEMENT","SOIL_ANALYSES",NA,2041,NA,"SMPX","SOIL ANALYSIS",2404
"soil_anal_meth_exch_K","character","","k_extraction_method","","","Soil analysis method for exchangeable K","SAMKE","SAMKE",8,NA,"code","text","EXPERIMENT","MANAGEMENT","SOIL_ANALYSES",NA,2041,NA,"SMKE","SOIL ANALYSIS",2405
"soil_anal_meth_exch_Ca","character","","","","","Soil analysis method for Calcium, exchangeable","SAMCAE","SAMCAE",9,NA,"code","text","EXPERIMENT","MANAGEMENT","SOIL_ANALYSES",NA,2041,NA,NA,NA,NA
"soil_anal_meth_exch_Mg","character","","","","","Soil analysis method for Magnesium, exchangeable","SAMMGE","SAMMGE",10,NA,"code","text","EXPERIMENT","MANAGEMENT","SOIL_ANALYSES",NA,2041,NA,NA,NA,NA
"soil_anal_meth_extract_S","character","","","","","Soil analysis method for Sulfur, extractable","SAMSE","SAMSE",11,NA,"code","text","EXPERIMENT","MANAGEMENT","SOIL_ANALYSES",NA,2041,NA,NA,NA,NA
"soil_anal_meth_extract_Zn","character","","","","","Soil analysis method for Zinc, extractable","SAMZE","SAMZE",12,NA,"code","text","EXPERIMENT","MANAGEMENT","SOIL_ANALYSES",NA,2041,NA,NA,NA,NA
"soil_anal_meth_extract_B","character","","","","","Soil analysis method for Boron, extractable","SAMBE","SAMBE",13,NA,"code","text","EXPERIMENT","MANAGEMENT","SOIL_ANALYSES",NA,2041,NA,NA,NA,NA
"drainage_rate_per_day","numeric","1/d","","","","Drainage rate as fraction per day","SADR","SADR",14,NA,"1/d","single","EXPERIMENT","MANAGEMENT","SOIL_ANALYSES",NA,2041,NA,".",NA,NA
"runoff_curve_no_SCS","numeric","","","","","Runoff curve no. (Soil Conservation Service)","SARO","SARO",15,NA,"number","single","EXPERIMENT","MANAGEMENT","SOIL_ANALYSES",NA,2041,NA,".",NA,NA
"id","numeric","","","","","id","id","id",0,1,NA,"single","EXPERIMENT","MANAGEMENT","SOIL_ANALYSES","SOIL_ANALYSES_LAYERS",2042,NA,NA,NA,NA
"soil_analysis_level","numeric","","","","","Soil analysis, treatment level identifier linkage","SA","SA",1,NA,"number","single","EXPERIMENT","MANAGEMENT","SOIL_ANALYSES","SOIL_ANALYSES_LAYERS",2042,NA,"SA","SOIL ANALYSIS",2451
"soil_analysis_layer_top_depth","numeric","cm","","0","100","Soil layer depth to upper boundary of sample (top)","SATL","SATL",2,NA,"cm","single","EXPERIMENT","MANAGEMENT","SOIL_ANALYSES","SOIL_ANALYSES_LAYERS",2042,"chp 2018-19-25",NA,NA,NA
"soil_analysis_layer_base_depth","numeric","cm","","1","500","Soil layer depth to lower boundary of sample (bottom)","SABL","SABL",3,1,"cm","single","EXPERIMENT","MANAGEMENT","SOIL_ANALYSES","SOIL_ANALYSES_LAYERS",2042,"chp 2018-19-25","SABL","SOIL ANALYSIS",2452
"soil_bulk_dens_moist","numeric","g/cm3","","0","","Soil bulk density, moist, determined on field sample","SABDM","SABDM",4,NA,"g/cm3","single","EXPERIMENT","MANAGEMENT","SOIL_ANALYSES","SOIL_ANALYSES_LAYERS",2042,NA,"SADM","SOIL ANALYSIS",2453
"organic_carbon_conc","numeric","%","","0","","Organic carbon expressed as g[C]/100 g[soil]","SAOC","SAOC",5,NA,"%","single","EXPERIMENT","MANAGEMENT","SOIL_ANALYSES","SOIL_ANALYSES_LAYERS",2042,NA,"SAOC","SOIL ANALYSIS",2454
"soil_stable_C","numeric","%","","","","Stable organic carbon by layer expressed as g[C]/100g[soil]","SASC","SASC",12,NA,"%","single","EXPERIMENT","MANAGEMENT","SOIL_ANALYSES","SOIL_ANALYSES_LAYERS",2042,NA,"SASC","SOIL ANALYSIS",2460
"soil_N_conc_total","numeric","%","","0","","Nitrogen, total soil, total","SANI","SANI",6,NA,"%","single","EXPERIMENT","MANAGEMENT","SOIL_ANALYSES","SOIL_ANALYSES_LAYERS",2042,NA,"SANI","SOIL ANALYSIS",2455
"pH_in_water","numeric","","","","","pH of soil in water, from in-field sample","SAPHW","SAPHW",7,NA,"number","single","EXPERIMENT","MANAGEMENT","SOIL_ANALYSES","SOIL_ANALYSES_LAYERS",2042,NA,"SAPHW","SOIL ANALYSIS",2456
"pH_in_buffer","numeric","","","","","pH of soil measured in buffer solution, from in-field sample","SAPHB","SAPHB",8,NA,"number","single","EXPERIMENT","MANAGEMENT","SOIL_ANALYSES","SOIL_ANALYSES_LAYERS",2042,NA,"SAPHB","SOIL ANALYSIS",2457
"phosphorus_extractable","numeric","mg/kg","","0","","Phosphorus, extractable","SAPX","SAPX",9,NA,"mg/kg","single","EXPERIMENT","MANAGEMENT","SOIL_ANALYSES","SOIL_ANALYSES_LAYERS",2042,NA,"SAPX","SOIL ANALYSIS",2458
"potassium_exchangeable","numeric","cmol/kg","","0","","Potassium, exchangeable","SAKE","SAKE",10,NA,"cmol/kg","single","EXPERIMENT","MANAGEMENT","SOIL_ANALYSES","SOIL_ANALYSES_LAYERS",2042,NA,"SAKE","SOIL ANALYSIS",2459
"Calcium_exchangeable","numeric","cmol/kg","","","","Calcium, exchangeable","SACAE","SACAE",11,NA,"cmol/kg","single","EXPERIMENT","MANAGEMENT","SOIL_ANALYSES","SOIL_ANALYSES_LAYERS",2042,NA,NA,NA,NA
"Magnesium_exchangeable","numeric","cmol/kg","","","","Magnesium, exchangeable","SAMGE","SAMGE",12,NA,"cmol/kg","single","EXPERIMENT","MANAGEMENT","SOIL_ANALYSES","SOIL_ANALYSES_LAYERS",2042,NA,NA,NA,NA
"Sulfur_extractable","numeric","mg/kg","","","","Sulfur, extractable","SASE","SASE",13,NA,"mg/kg","single","EXPERIMENT","MANAGEMENT","SOIL_ANALYSES","SOIL_ANALYSES_LAYERS",2042,NA,NA,NA,NA
"Zinc_extractable","numeric","mg/kg","","","","Zinc, extractable","SAZE","SAZE",14,NA,"mg/kg","single","EXPERIMENT","MANAGEMENT","SOIL_ANALYSES","SOIL_ANALYSES_LAYERS",2042,NA,NA,NA,NA
"Boron_extractable","numeric","mg/kg","","","","Boron, extractable","SABE","SABE",15,NA,"mg/kg","single","EXPERIMENT","MANAGEMENT","SOIL_ANALYSES","SOIL_ANALYSES_LAYERS",2042,NA,NA,NA,NA
"soil_compac_fact_by_lyr","numeric","","","","","Soil compaction factor by layer (0 to 1 scale)","SACMF","SACMF",16,NA,"number","single","EXPERIMENT","MANAGEMENT","SOIL_ANALYSES","SOIL_ANALYSES_LAYERS",2042,NA,".",NA,NA
"init_residu_measure_date","character","date","","","","Initial residues measurement date","ICRDAT","ICRDAT",-99,NA,"date","single","EXPERIMENT","MANAGEMENT","INITIAL_CONDITIONS",NA,2051,NA,".",NA,NA
"initial_conditions_date","character","date","","1","99365","Initial conditions measurement date","ICDAT","ICDAT",-98,NA,"date","single","EXPERIMENT","MANAGEMENT","INITIAL_CONDITIONS",NA,2051,NA,"ICDAT","INITIAL CONDITIONS",2503
"id","numeric","","","","","id","id","id",0,1,NA,"single","EXPERIMENT","MANAGEMENT","INITIAL_CONDITIONS",NA,2051,NA,NA,NA,NA
"initial_conditions_level","numeric","","","","","Initial conditions level, link to TREATMENTS table","IC","IC",1,NA,"number","single","EXPERIMENT","MANAGEMENT","INITIAL_CONDITIONS",NA,2051,NA,"IC","INITIAL CONDITIONS",2501
"initial_conditions_name","character","","","","","Initial conditions name","IC_NAME","IC_NAME",2,NA,"text","text","EXPERIMENT","MANAGEMENT","INITIAL_CONDITIONS",NA,2051,NA,"ICNAME","INITIAL CONDITIONS",2514
"init_residue_measure_yr","numeric","year","","","","Initial residues measurement year","ICRYR","ICRYR",3,NA,"year","single","EXPERIMENT","MANAGEMENT","INITIAL_CONDITIONS",NA,2051,NA,".",NA,NA
"day_year_residue_measure","numeric","doy","","1","366","Day of year, residue measurement","ICRDY","ICRDY",4,NA,"doy","single","EXPERIMENT","MANAGEMENT","INITIAL_CONDITIONS",NA,2051,NA,".",NA,NA
"residue_nature_prev_crop","character","","","","","Residue, crop code for previous crop","ICPCR","ICPCR",5,NA,"code","text","EXPERIMENT","MANAGEMENT","INITIAL_CONDITIONS",NA,2051,NA,"PCR","INITIAL CONDITIONS",2502
"residue_incorpor_depth","numeric","cm","","0","","Residue incorporation depth","ICRDP","ICRDP",6,NA,"cm","single","EXPERIMENT","MANAGEMENT","INITIAL_CONDITIONS",NA,2051,"DSSAT specific, doesn't make sense","ICRID, RDEP","INITIAL CONDITIONS",2513
"residue_incorporated","numeric","%","","0","100","Residue incorporation percentage","ICRIP","ICRIP",7,NA,"%","single","EXPERIMENT","MANAGEMENT","INITIAL_CONDITIONS",NA,2051,"DSSAT specific, doesn't make sense","ICRIP, RINP","INITIAL CONDITIONS",2512
"residue_moisture_init","numeric","%","","0","","Moisture in initial above-ground residue","ICRM","ICRM",8,NA,"%","single","EXPERIMENT","MANAGEMENT","INITIAL_CONDITIONS",NA,2051,NA,".",NA,NA
"residue_above_ground_wt","numeric","kg/ha","","0","","Residue above-ground weight, dry weight basis","ICRAG","ICRAG",8,NA,"kg/ha","single","EXPERIMENT","MANAGEMENT","INITIAL_CONDITIONS",NA,2051,NA,"ICRES, RAMT TFOM","INITIAL CONDITIONS",2509
"residue_N_conc","numeric","%","","0","","Residue, above-ground, nitrogen concentration","ICRN","ICRN",9,NA,"%","single","EXPERIMENT","MANAGEMENT","INITIAL_CONDITIONS",NA,2051,NA,"ICREN, RESN","INITIAL CONDITIONS",2510
"residue_P_conc","numeric","%","","0","","Residue, above-ground, phosphorus concentration","ICRP","ICRP",10,NA,"%","single","EXPERIMENT","MANAGEMENT","INITIAL_CONDITIONS",NA,2051,NA,"ICREP, RESP","INITIAL CONDITIONS",2511
"residue_K_conc","numeric","%","","0","","Residue, above-ground, potassium concentration","ICRK","ICRK",11,NA,"%","single","EXPERIMENT","MANAGEMENT","INITIAL_CONDITIONS",NA,2051,NA,NA,NA,NA
"residue_lignin_conc","numeric","%","","0","","Residue, above-ground, lignin concentration","ICRLI","ICRLI",12,NA,"%","single","EXPERIMENT","MANAGEMENT","INITIAL_CONDITIONS",NA,2051,NA,".",NA,NA
"root_wt_previous_crop","numeric","kg/ha","","0","","Root weight from previous crop","ICRT","ICRT",13,NA,"kg/ha","single","EXPERIMENT","MANAGEMENT","INITIAL_CONDITIONS",NA,2051,NA,"ICRT","INITIAL CONDITIONS",2504
"nodule_wt_previous_crop","numeric","kg/ha","","0","","Nodule weight from previous crop","ICND","ICND",14,NA,"kg/ha","single","EXPERIMENT","MANAGEMENT","INITIAL_CONDITIONS",NA,2051,NA,"ICND","INITIAL CONDITIONS",2505
"initial_prof_measure_yr","numeric","year","","","","Inital profile measurements year","ICYR","ICYR",21,NA,"year","single","EXPERIMENT","MANAGEMENT","INITIAL_CONDITIONS",NA,2051,NA,".",NA,NA
"profile_measurement_day","numeric","doy","","1","366","Day of year, inital profile measurement","ICDAY","ICDAY",22,NA,"doy","single","EXPERIMENT","MANAGEMENT","INITIAL_CONDITIONS",NA,2051,NA,".",NA,NA
"initial_profile_wtr_cont_%","numeric","%","","0","","Initial water content of entire profile, expressed as percent of available water","ICSW%","ICSWPC",23,NA,"%","single","EXPERIMENT","MANAGEMENT","INITIAL_CONDITIONS",NA,2051,NA,".",NA,NA
"initial_profile_wtr_cont","numeric","mm","","0","","Initial water content of entire profile","ICSW","ICSW",24,NA,"mm","single","EXPERIMENT","MANAGEMENT","INITIAL_CONDITIONS",NA,2051,NA,".",NA,NA
"initial_water_tabl_depth","numeric","cm","","0","","Initial water table depth","ICWT","ICWT",25,NA,"cm","single","EXPERIMENT","MANAGEMENT","INITIAL_CONDITIONS",NA,2051,NA,"ICWD","INITIAL CONDITIONS",2508
"initial_prof_inorg_N","numeric","kg[N]/ha","","0","","Initial profile inorganic nitrogen amount","ICIN","ICIN",26,NA,"kg[N]/ha","single","EXPERIMENT","MANAGEMENT","INITIAL_CONDITIONS",NA,2051,NA,".",NA,NA
"initial_prof_NH4","numeric","kg[N]/ha","","0","","Initial profile soil ammonium","ICPNH4","ICPNH4",27,NA,"kg[N]/ha","single","EXPERIMENT","MANAGEMENT","INITIAL_CONDITIONS",NA,2051,"CHP 2/8/2013",".",NA,NA
"initial_prof_NO3","numeric","kg[N]/ha","","0","","Initial profile soil nitrate","ICPNO3","ICPNO3",28,NA,"kg[N]/ha","single","EXPERIMENT","MANAGEMENT","INITIAL_CONDITIONS",NA,2051,"CHP 2/8/2013",".",NA,NA
"rhizobia_number","numeric","counts/cm3","","0","","Rhizobia number (count)","ICRZ#","ICRZC",29,NA,"counts/cm3","single","EXPERIMENT","MANAGEMENT","INITIAL_CONDITIONS",NA,2051,NA,"ICRN","INITIAL CONDITIONS",2506
"rhizobia_effectiveness","numeric","","","","","Rhizobia effectiveness on 0-1 scale","ICRZE","ICRZE",30,NA,"number","single","EXPERIMENT","MANAGEMENT","INITIAL_CONDITIONS",NA,2051,NA,"ICRE","INITIAL CONDITIONS",2507
"rhizobia_nitrogen_amount","numeric","kg/ha","","0","","Rhizobia nitrogen amount","ICRZN","ICRZN",31,NA,"kg/ha","single","EXPERIMENT","MANAGEMENT","INITIAL_CONDITIONS",NA,2051,NA,NA,NA,NA
"id","numeric","","","","","id","id","id",0,1,NA,"single","EXPERIMENT","MANAGEMENT","INITIAL_CONDITIONS","INITIAL_CONDITION_LAYER",2052,NA,NA,NA,NA
"initial_conditions_level","numeric","","","","","Initial conditions level, link","IC","IC",1,NA,"number","single","EXPERIMENT","MANAGEMENT","INITIAL_CONDITIONS","INITIAL_CONDITION_LAYER",2052,NA,"IC","INITIAL CONDITIONS",2551
"initial_soil_layer_top_depth","numeric","cm","","0","","Soil layer top depth","ICTL","ICTL",2,NA,"cm","single","EXPERIMENT","MANAGEMENT","INITIAL_CONDITIONS","INITIAL_CONDITION_LAYER",2052,"chp 2018-19-25",".",NA,NA
"initial_soil_layer_base_depth","numeric","cm","","0","","Soil layer base depth","ICBL","ICBL",3,1,"cm","single","EXPERIMENT","MANAGEMENT","INITIAL_CONDITIONS","INITIAL_CONDITION_LAYER",2052,"chp 2018-19-25","ICBL","INITIAL CONDITIONS",2552
"initial_watr_conc_by_lyr","numeric","unitless","","","","Initial water concentration by layer","ICH2O","ICH2O",4,NA,"unitless","single","EXPERIMENT","MANAGEMENT","INITIAL_CONDITIONS","INITIAL_CONDITION_LAYER",2052,NA,"SH2O","INITIAL CONDITIONS",2553
"initial_NH4_concen_layer","numeric","ppm","","0","","Initial NH4 conc., as elemental N on dry wt. basis, by layer","ICNH4","ICNH4",5,NA,"ppm","single","EXPERIMENT","MANAGEMENT","INITIAL_CONDITIONS","INITIAL_CONDITION_LAYER",2052,NA,"SNH4","INITIAL CONDITIONS",2554
"initial_NO3_concen_layer","numeric","ppm","","0","","Initial NO3 conc., as elemental N on dry wt. basis, by layer","ICNO3","ICNO3",6,NA,"ppm","single","EXPERIMENT","MANAGEMENT","INITIAL_CONDITIONS","INITIAL_CONDITION_LAYER",2052,NA,"SNO3","INITIAL CONDITIONS",2555
"initial_NH4_mass_layer","numeric","kg[N]/ha","","","","Initial NH4, as elemental N on dry wt. basis, by layer","ICNH4M","ICNH4M",7,NA,"kg[N]/ha","single","EXPERIMENT","MANAGEMENT","INITIAL_CONDITIONS","INITIAL_CONDITION_LAYER",2052,"2018-06-19 chp",NA,NA,NA
"initial_NO3_mass_layer","numeric","kg[N]/ha","","","","Initial NO3, as elemental N on dry wt. basis, by layer","ICNO3M","ICNO3M",8,NA,"kg[N]/ha","single","EXPERIMENT","MANAGEMENT","INITIAL_CONDITIONS","INITIAL_CONDITION_LAYER",2052,"2018-06-19 chp",NA,NA,NA
"initial_Ntot_layer","numeric","kg[N]/ha","","0","","Initial inorganic N amount, by layer","ICN_TOT","ICN_TOT",9,NA,"kg[N]/ha","single","EXPERIMENT","MANAGEMENT","INITIAL_CONDITIONS","INITIAL_CONDITION_LAYER",2052,NA,".",NA,NA
"initial_soil_stable_C","numeric","%","","","","Stable organic carbon by layer, expressed as g[C]/100g[soil]","ICSC","ICSC",10,NA,"%","single","EXPERIMENT","MANAGEMENT","INITIAL_CONDITIONS","INITIAL_CONDITION_LAYER",2052,NA,".",NA,NA
"initial_soil_temperature","numeric","degree_C","","","","Initial soil temperature","ICSLT","ICSLT",11,NA,"degree_C","single","EXPERIMENT","MANAGEMENT","INITIAL_CONDITIONS","INITIAL_CONDITION_LAYER",2052,NA,NA,NA,NA
"mgmt_operations_event","character","","management_event_type","","","Management operations event type","MGMT_EVENT","MGMT_EVENT",0,NA,"code","text","EXPERIMENT","MANAGEMENT","EVENT_SPECIFICATION",NA,2060,"2020-05-05, CHP",NA,NA,NA
"mgmt_event_date","character","date","","1","","Management operations event date","EVDATE","EVDATE",1,NA,"date","single","EXPERIMENT","MANAGEMENT","EVENT_SPECIFICATION",NA,2060,"2020-05-05, CHP",NA,NA,NA
"mgmt_event_notes","character","","","","","Management operations event notes","EV_NOTES","EV_NOTES",10,NA,"text","text","EXPERIMENT","MANAGEMENT","EVENT_SPECIFICATION",NA,2060,"2020-05-05, CHP",NA,NA,NA
"id","numeric","","","","","id","id","id",0,1,NA,"single","EXPERIMENT","MANAGEMENT","PLANTINGS",NA,2061,NA,NA,NA,NA
"planting_date","character","date","","1","","Planting or sowing date","PDATE","PDATE",3,NA,"date","single","EXPERIMENT","MANAGEMENT","PLANTINGS",NA,2061,NA,"PDATE","PLANTINGS",2602
"transplant_date","character","date","","1","","Transplant date","TRDATE","TRDATE",4,NA,"date","single","EXPERIMENT","MANAGEMENT","PLANTINGS",NA,2061,"2013-04-05 chp",NA,NA,NA
"planting_level","numeric","","","","","Planting, level in treatment structure","PL","PL",1,NA,"number","single","EXPERIMENT","MANAGEMENT","PLANTINGS",NA,2061,NA,"MP","PLANTINGS",2601
"planting_level_name","character","","","","","Planting level, name of treatment","PL_NAME","PL_NAME",2,NA,"text","text","EXPERIMENT","MANAGEMENT","PLANTINGS",NA,2061,NA,"PLNAME","PLANTINGS",2699
"local_season_name","character","","","","","Local name for planting season (e.g., Boro, Aman, Monsoon, etc.)","PL_SEASON","PL_SEASON",5,NA,"text","text","EXPERIMENT","MANAGEMENT","PLANTINGS",NA,2061,"2020-12-03, CHP",".",NA,NA
"planting_year","numeric","year","","","","Planting year","PLYR","PLYR",6,NA,"year","single","EXPERIMENT","MANAGEMENT","PLANTINGS",NA,2061,NA,".",NA,NA
"planting_day","numeric","day","","0","366","Day of planting","PLDAY","PLDAY",7,NA,"day","single","EXPERIMENT","MANAGEMENT","PLANTINGS",NA,2061,NA,".",NA,NA
"emergence_year","numeric","","","1","","Year for date of emergence (growth stage)","PLYRE","PLYRE",8,NA,"number","single","EXPERIMENT","MANAGEMENT","PLANTINGS",NA,2061,NA,NA,NA,NA
"emergence_date","character","date","","","","Date of emergence","EDATE","EDATE",9,NA,"date","single","EXPERIMENT","MANAGEMENT","PLANTINGS",NA,2061,NA,"EDATE","PLANTINGS",2603
"emergence_day","numeric","","","1","","Day of year for date of emergence","PLDOE","PLDOE",10,NA,"number","single","EXPERIMENT","MANAGEMENT","PLANTINGS",NA,2061,NA,NA,NA,NA
"plant_pop_at_planting","numeric","/m2","","0","","Plant population at planting","PLPOP","PLPOP",11,NA,"number/m2","single","EXPERIMENT","MANAGEMENT","PLANTINGS",NA,2061,NA,"PPOP","PLANTINGS",2604
"plant_pop_at_emergence","numeric","/m2","","0","","Plant population at emergence","PLPOE","PLPOE",12,NA,"number/m2","single","EXPERIMENT","MANAGEMENT","PLANTINGS",NA,2061,NA,"PPOE","PLANTINGS",2605
"planting_material","character","","planting_material","","","Planting material","PLMA","PLMA",13,NA,"code","text","EXPERIMENT","MANAGEMENT","PLANTINGS",NA,2061,NA,".",NA,NA
"planting_method","character","","","","","Planting method","PLME","PLME",14,NA,"code","text","EXPERIMENT","MANAGEMENT","PLANTINGS",NA,2061,NA,"PLME","PLANTINGS",2606
"planting_distribution","character","","planting_distribution","","","Planting distribution","PLDS","PLDS",15,NA,"code","text","EXPERIMENT","MANAGEMENT","PLANTINGS",NA,2061,NA,"PLDS","PLANTINGS",2607
"row_spacing","numeric","cm","","0","","Distance between two adjacent rows","PLRS","PLRS",16,NA,"cm","single","EXPERIMENT","MANAGEMENT","PLANTINGS",NA,2061,NA,"PLRS","PLANTINGS",2608
"plant_spacing","numeric","cm","","0","","Spacing of plants in a row","PLSP","PLSP",17,NA,"cm","single","EXPERIMENT","MANAGEMENT","PLANTINGS",NA,2061,"2018-10-30 chp",".",NA,NA
"row_direction","numeric","degrees","","0","359","Row direction, degrees from N","PLRD","PLRD",18,NA,"arc_degrees","single","EXPERIMENT","MANAGEMENT","PLANTINGS",NA,2061,NA,"PLRD, PLOR","PLANTINGS",2609
"plants_per_hill","numeric","","","","","Plants per hill","PLPH","PLPH",19,NA,"number","single","EXPERIMENT","MANAGEMENT","PLANTINGS",NA,2061,NA,"PLPH","PLANTINGS",2614
"planting_depth","numeric","mm","","","","Depth of seed (or other planted material) relative to soil surface.","PLDP","PLDP",20,NA,"mm","single","EXPERIMENT","MANAGEMENT","PLANTINGS",NA,2061,"mm or cm !!!","PLDP","PLANTINGS",2610
"planting_material_weight","numeric","kg/ha","","0","","Planting material weight","PLMWT","PLMWT",21,NA,"kg/ha","single","EXPERIMENT","MANAGEMENT","PLANTINGS",NA,2061,NA,"PLWT","PLANTINGS",2611
"transplant_age","numeric","day","","0","366","Transplant age","PAGE","PAGE",22,NA,"day","single","EXPERIMENT","MANAGEMENT","PLANTINGS",NA,2061,NA,"PAGE","PLANTINGS",2612
"planting_material_age","numeric","day","","0","366","Planting material age (also used for dormancy adjustments)","PLAGE","PLAGE",23,NA,"day","single","EXPERIMENT","MANAGEMENT","PLANTINGS",NA,2061,NA,".",NA,NA
"nursery_env_pl_material","numeric","degree_C","","","","Transplant nursery environment (mean temperature)","PLENV","PLENV",24,NA,"degree_C","single","EXPERIMENT","MANAGEMENT","PLANTINGS",NA,2061,NA,"PENV","PLANTINGS",2613
"length_sprout_material","numeric","cm","","0","","Planting material sprout length","PLSPL","PLSPL",25,NA,"cm","single","EXPERIMENT","MANAGEMENT","PLANTINGS",NA,2061,NA,"SPRL","PLANTINGS",2615
"seedbed_density","numeric","/m2","","0","","Planting density in nursery seed bed","NPLSB","NPLSB",26,NA,"number/m2","single","EXPERIMENT","MANAGEMENT","PLANTINGS",NA,2061,"2013-11/19, CHP",".",NA,NA
"germination","numeric","%","","0","100","Planting material germination","PLG%","PLGPC",27,NA,"%","single","EXPERIMENT","MANAGEMENT","PLANTINGS",NA,2061,NA,".",NA,NA
"planting_material_source","character","","","","","Source of the planting material","PLMSOURCE","PLMSOURCE",28,NA,"text","text","EXPERIMENT","MANAGEMENT","PLANTINGS",NA,2061,NA,".",NA,NA
"planting_notes","character","","","","","Planting event notes","PL_NOTES","PL_NOTES",30,NA,"text","text","EXPERIMENT","MANAGEMENT","PLANTINGS",NA,2061,"2020-06-09, CHP",".",NA,NA
"fertile_tiller_num","numeric","","","","","Fertile tiller number (sorghum)","PLFTN","PLFTN",29,NA,"number","single","EXPERIMENT","MANAGEMENT","PLANTINGS",NA,2061,"2013-06-07, CHP",".",NA,NA
"id","numeric","","","","","id","id","id",0,1,NA,"single","EXPERIMENT","MANAGEMENT","IRRIGATIONS",NA,2071,NA,NA,NA,NA
"irrigation_level","numeric","","","","","Irrigation level in treatment structure","IR","IR",1,NA,"number","single","EXPERIMENT","MANAGEMENT","IRRIGATIONS",NA,2071,NA,"MI","IRRIGATION AND WATER MANAGEMENT",2701
"irrigation_level_name","character","","","","","Irrigation level name","IR_NAME","IR_NAME",2,NA,"text","text","EXPERIMENT","MANAGEMENT","IRRIGATIONS",NA,2071,NA,"IRNAME","IRRIGATION AND WATER MANAGEMENT",2709
"irrigation_notes","character","","","","","Irrigation, notes on irrigation application","IR_NOTES","IR_NOTES",3,NA,"text","text","EXPERIMENT","MANAGEMENT","IRRIGATIONS",NA,2071,NA,NA,NA,NA
"irrig_applied","character","","irrig_applied","","","Indicates whether or not the field was irrigated","IRRIG","IRRIG",11,NA,"code","text","EXPERIMENT","MANAGEMENT","IRRIGATIONS",NA,2071,NA,NA,NA,NA
"irrigation_season","numeric","mm","","0","","Irrigation, total amount over season","IR_TOT","IR_TOT",21,NA,"mm","single","EXPERIMENT","MANAGEMENT","IRRIGATIONS",NA,2071,"Use when detailed irrigation information is lacking",NA,NA,NA
"irrigation_applics_season","numeric","","","","","Irrigation applications, total number at end season","IR_#","IR_no",22,NA,"number","single","EXPERIMENT","MANAGEMENT","IRRIGATIONS",NA,2071,"Use when detailed irrigation information is lacking",".",NA,NA
"irrigation_date","character","date","","1","99365","Irrigation date","IDATE","IDATE",-99,NA,"date","single","EXPERIMENT","MANAGEMENT","IRRIGATIONS","IRRIGATION_APPLICATIONS",2072,NA,"IDATE","IRRIGATION AND WATER MANAGEMENT",2752
"id","numeric","","","","","id","id","id",0,1,NA,"single","EXPERIMENT","MANAGEMENT","IRRIGATIONS","IRRIGATION_APPLICATIONS",2072,NA,NA,NA,NA
"irrigation_level","numeric","","","","","Irrigation level, links to IRRIGATIONS table","IR","IR",1,NA,"number","single","EXPERIMENT","MANAGEMENT","IRRIGATIONS","IRRIGATION_APPLICATIONS",2072,NA,".",NA,2751
"irrigation_year","numeric","year","","","","Irrigation or water management year","IRYR","IRYR",2,1,"year","single","EXPERIMENT","MANAGEMENT","IRRIGATIONS","IRRIGATION_APPLICATIONS",2072,NA,NA,NA,NA
"irrigation_day","numeric","day","","0","366","Irrigation day","IRDAY","IRDAY",3,1,"day","single","EXPERIMENT","MANAGEMENT","IRRIGATIONS","IRRIGATION_APPLICATIONS",2072,NA,".",NA,NA
"irrigation_operation","character","","","","","Irrigation operation (e.g., furrow, sprinkler, drip…)","IROP","IROP",4,NA,"code","text","EXPERIMENT","MANAGEMENT","IRRIGATIONS","IRRIGATION_APPLICATIONS",2072,NA,"IROP","IRRIGATION AND WATER MANAGEMENT",2753
"irrig_amount_depth","numeric","mm","","0","","Irrigation amount, depth of water","IRVAL","IRVAL",5,NA,"mm","single","EXPERIMENT","MANAGEMENT","IRRIGATIONS","IRRIGATION_APPLICATIONS",2072,NA,"IRVAL","IRRIGATION AND WATER MANAGEMENT",2754
"irrigation_applic_depth","numeric","cm","","0","","Irrigation application depth (e.g., for depth to drip line)","IRADP","IRADP",6,NA,"cm","single","EXPERIMENT","MANAGEMENT","IRRIGATIONS","IRRIGATION_APPLICATIONS",2072,NA,".",NA,NA
"irrigation_H2O_N_conc","numeric","%","","0","","Irrigation water nitrogen concentration","IRN%","IRNPC",7,NA,"%","single","EXPERIMENT","MANAGEMENT","IRRIGATIONS","IRRIGATION_APPLICATIONS",2072,NA,".",NA,NA
"bund_height","numeric","mm","","0","1000","Bund height (e.g., for flooded rice)","ABUND","ABUND",8,NA,"mm","single","EXPERIMENT","MANAGEMENT","IRRIGATIONS","IRRIGATION_APPLICATIONS",2072,NA,".",NA,NA
"irrigation_operation_name","character","","","","","Name of irrigation operation or specific notes about this application","IROP_NAME","IROP_NAME",9,NA,"text","text","EXPERIMENT","MANAGEMENT","IRRIGATIONS","IRRIGATION_APPLICATIONS",2072,NA,".","IRRIGATION AND WATER MANAGEMENT",2711
"method_auto_applications","character","","","","","Method for automatic applications","IAME","IAME",4,NA,"code","text","EXPERIMENT","MANAGEMENT","IRRIGATIONS","AUTOMATIC_IRRIG",2073,NA,".","IRRIGATION AND WATER MANAGEMENT",2707
"auto_irrig_amnt_applied","numeric","mm","","0","","Irrigation amount, automatic application","IAMT","IAMT",5,NA,"mm","single","EXPERIMENT","MANAGEMENT","IRRIGATIONS","AUTOMATIC_IRRIG",2073,NA,".","IRRIGATION AND WATER MANAGEMENT",2708
"irrigation_efficiency","numeric","unitless","","0","1","Irrigation application efficiency as fraction (0 to 1)","IREFF","IREFF",6,NA,"unitless","single","EXPERIMENT","MANAGEMENT","IRRIGATIONS","AUTOMATIC_IRRIG",2073,NA,"EFIR","IRRIGATION AND WATER MANAGEMENT",2702
"auto_irrig_growth_stg","character","","","","","Irrigation, growth stage, automatic appn","IRSTG","IRSTG",7,NA,"code","text","EXPERIMENT","MANAGEMENT","IRRIGATIONS","AUTOMATIC_IRRIG",2073,NA,".",NA,NA
"auto_irrig_manag_depth","numeric","cm","","","","Irrigation management, reference soil depth for automatic application","IRMDP","IRMDP",8,NA,"cm","single","EXPERIMENT","MANAGEMENT","IRRIGATIONS","AUTOMATIC_IRRIG",2073,NA,"IDEP","IRRIGATION AND WATER MANAGEMENT",2703
"autoirrig_threshold_H2O","numeric","%","","","100","Irrigation threshold water content for automatic application","IRTHR","IRTHR",9,NA,"%","single","EXPERIMENT","MANAGEMENT","IRRIGATIONS","AUTOMATIC_IRRIG",2073,NA,"ITHR","IRRIGATION AND WATER MANAGEMENT",2704
"autoirrigation_end_H2O","numeric","%","","","100","Irrigation, ending % avail, automatic application","IREPT","IREPT",10,NA,"%","single","EXPERIMENT","MANAGEMENT","IRRIGATIONS","AUTOMATIC_IRRIG",2073,NA,"IEPT","IRRIGATION AND WATER MANAGEMENT",2705
"autoirrigation_end_stage","character","","","","","Irrigation, growth stage yo end automatic application","IREND","IREND",NA,NA,"code","text","EXPERIMENT","MANAGEMENT","IRRIGATIONS","AUTOMATIC_IRRIG",NA,NA,"IOFF","IRRIGATION AND WATER MANAGEMENT",2706
"auto_irrig_date","character","date","","","","Date to begin automatic irrigation","IADATE","IADATE",NA,NA,"date","date","EXPERIMENT","MANAGEMENT","IRRIGATIONS","AUTOMATIC_IRRIG",2073,NA,NA,NA,NA
"id","numeric","","","","","id","id","id",0,1,NA,"single","EXPERIMENT","MANAGEMENT","FERTILIZERS",NA,2081,NA,NA,NA,NA
"fertilizer_level","numeric","","","","","Fertilizer level in treatment structure","FE","FE",1,NA,"number","single","EXPERIMENT","MANAGEMENT","FERTILIZERS",NA,2081,NA,"MF","FERTILIZERS (INORGANIC)",2801
"fertilizer_level_name","character","","","","","Fertilizer level name","FE_NAME","FE_NAME",2,NA,"text","text","EXPERIMENT","MANAGEMENT","FERTILIZERS",NA,2081,NA,"FERNAME","FERTILIZERS (INORGANIC)",2812
"fertilizer_notes","character","","","","","Fertilizer, comments or explanations of a given treatment","FE_NOTES","FE_NOTES",3,NA,"text","memo","EXPERIMENT","MANAGEMENT","FERTILIZERS",NA,2081,NA,NA,NA,NA
"fert_applied","character","","","","","Indicates whether or not fertilizer was applied (Y or N)","FERTILIZER","FERTILIZER",4,NA,"code","text","EXPERIMENT","MANAGEMENT","FERTILIZERS",NA,2081,"Use when detailed fertilizer information is lacking",NA,NA,NA
"fertilizer_season","numeric","kg[fertilizer]/ha","","","","Fertilizer, total amount over season","FE_TOT","FE_TOT",21,NA,"kg[fertilizer]/ha","single","EXPERIMENT","MANAGEMENT","FERTILIZERS",NA,2081,"2020-05-06, CHP",NA,NA,NA
"fertilizer_material_season","character","","","","","Fertilizer material code (if only one type used per season)","FE_CD","FE_CD",22,NA,"code","text","EXPERIMENT","MANAGEMENT","FERTILIZERS",NA,2081,"2020-05-06, CHP",NA,NA,NA
"nitrogen_season","numeric","kg[N]/ha","","","","Nitrogen, total amount over season, as elemental N","FEN_TOT","FEN_TOT",23,NA,"kg[N]/ha","single","EXPERIMENT","MANAGEMENT","FERTILIZERS",NA,2081,"Use when detailed fertilizer information is lacking",NA,NA,NA
"phosphorus_season","numeric","kg[P]/ha","","","","Phosphorus, total amount over season, as elemental P","FEP_TOT","FEP_TOT",24,NA,"kg[P]/ha","single","EXPERIMENT","MANAGEMENT","FERTILIZERS",NA,2081,"Use when detailed fertilizer information is lacking",NA,NA,NA
"potassium_season","numeric","kg[K]/ha","","","","Potassium, total amount over season, as elemental K","FEK_TOT","FEK_TOT",25,NA,"kg[K]/ha","single","EXPERIMENT","MANAGEMENT","FERTILIZERS",NA,2081,"Use when detailed fertilizer information is lacking",NA,NA,NA
"sulfur_season","numeric","kg[S]/ha","","","","Sulfur, total amount over season, as elemental S","FES_TOT","FES_TOT",26,NA,"kg[S]/ha","single","EXPERIMENT","MANAGEMENT","FERTILIZERS",NA,2081,"2020-05-05, CHP",NA,NA,NA
"calcium_season","numeric","kg[Ca]/ha","","","","Calcium, total amount over season, as elemental Ca","FECA_TOT","FECA_TOT",27,NA,"kg[Ca]/ha","single","EXPERIMENT","MANAGEMENT","FERTILIZERS",NA,2081,"2020-05-05, CHP",NA,NA,NA
"magnesium_season","numeric","kg[Mg]/ha","","","","Magnesium, total amount over season, as elemental Mg","FEMG_TOT","FEMG_TOT",28,NA,"kg[Mg]/ha","single","EXPERIMENT","MANAGEMENT","FERTILIZERS",NA,2081,"2020-05-05, CHP",NA,NA,NA
"boron_season","numeric","kg[B]/ha","","","","Boron, total amount over season, as elemental B","FEB_TOT","FEB_TOT",29,NA,"kg[B]/ha","single","EXPERIMENT","MANAGEMENT","FERTILIZERS",NA,2081,"2020-05-05, CHP",NA,NA,NA
"zinc_season","numeric","kg[Zn]/ha","","","","Zinc, total amount over season, as elemental Zn","FEZN_TOT","FEZN_TOT",30,NA,"kg[Zn]/ha","single","EXPERIMENT","MANAGEMENT","FERTILIZERS",NA,2081,"2020-05-05, CHP",NA,NA,NA
"manganese_season","numeric","kg[Mn]/ha","","","","Manganese, total amount over season, as elemental Mg","FEMN_TOT","FEMN_TOT",31,NA,"kg[Mn]/ha","single","EXPERIMENT","MANAGEMENT","FERTILIZERS",NA,2081,"2020-05-05, CHP",NA,NA,NA
"iron_season","numeric","kg[Fe]/ha","","","","Iron, total amount over season, as elemental Fe","FEFE_TOT","FEFE_TOT",32,NA,"kg[Fe]/ha","single","EXPERIMENT","MANAGEMENT","FERTILIZERS",NA,2081,"2020-05-05, CHP",NA,NA,NA
"fertilizer_other_season","numeric","kg[Element]/ha","","","","Other elements in applied fertilizer, total amount over season","FEO_TOT","FEO_TOT",33,NA,"kg[Element]/ha","single","EXPERIMENT","MANAGEMENT","FERTILIZERS",NA,2081,"2020-05-05, CHP",NA,NA,NA
"fertiliz_code_other_elem","character","","","","","Fertilizer code for other elements","FEOCD_TOT","FEOCD_TOT",34,NA,"code","text","EXPERIMENT","MANAGEMENT","FERTILIZERS",NA,2081,"2020-05-05, CHP",".",NA,NA
"fert_#_tot","numeric","","","","","Total number of fertilizer applications over season","FE_#","FE_no",35,NA,"number","single","EXPERIMENT","MANAGEMENT","FERTILIZERS",NA,2081,"Use when detailed fertilizer information is lacking",NA,NA,NA
"nitrogen_applics_season","numeric","","","","","Nitrogen applications, total number at end season","FEN_#","FEN_no",36,NA,"number","single","EXPERIMENT","MANAGEMENT","FERTILIZERS",NA,2081,"Use when detailed fertilizer information is lacking",NA,NA,NA
"phosphorus_applics_season","numeric","","","","","Phosphorus applications, total number at end season","FEP_#","FEP_no",37,NA,"number","single","EXPERIMENT","MANAGEMENT","FERTILIZERS",NA,2081,"Use when detailed fertilizer information is lacking",NA,NA,NA
"potassium_applics_season","numeric","","","","","Potassium applications, total number at end season","FEK_#","FEK_no",38,NA,"number","single","EXPERIMENT","MANAGEMENT","FERTILIZERS",NA,2081,"Use when detailed fertilizer information is lacking",NA,NA,NA
"id","numeric","","","","","id","id","id",0,1,NA,"single","EXPERIMENT","MANAGEMENT","FERTILIZERS","FERTILIZER_APPLICS",2082,NA,NA,NA,NA
"fertilizer_level","numeric","","","","","Fertilizer level in treatment structure","FE","FE",1,NA,"number","single","EXPERIMENT","MANAGEMENT","FERTILIZERS","FERTILIZER_APPLICS",2082,NA,"MF","FERTILIZERS (INORGANIC)",2801
"fertilization_date","character","date","","","99365","Fertilization date","FEDATE","FEDATE",2,NA,"date","single","EXPERIMENT","MANAGEMENT","FERTILIZERS","FERTILIZER_APPLICS",2082,NA,".",NA,2802
"fertilizer_applic_year","numeric","year","","","","Fertilizer application year","FEYR","FEYR",3,1,"year","single","EXPERIMENT","MANAGEMENT","FERTILIZERS","FERTILIZER_APPLICS",2082,NA,".",NA,NA
"fertilizer_applic_day","numeric","doy","","1","366","Fertilizer application day","FEDAY","FEDAY",4,1,"doy","single","EXPERIMENT","MANAGEMENT","FERTILIZERS","FERTILIZER_APPLICS",2082,NA,".",NA,NA
"fertilizer_material","character","","","","","Fertilizer material","FECD","FECD",5,NA,"code","text","EXPERIMENT","MANAGEMENT","FERTILIZERS","FERTILIZER_APPLICS",2082,NA,"FMCD","FERTILIZERS (INORGANIC)",2803
"fertiliz_app_name","character","","","","","Name or notes for this fertilizer application","FECD_NAME","FECD_NAME",31,NA,"text","text","EXPERIMENT","MANAGEMENT","FERTILIZERS","FERTILIZER_APPLICS",2082,NA,".",NA,NA
"fertilizer_applic_method","character","","","","","Fertilizer application method","FEACD","FEACD",6,NA,"code","text","EXPERIMENT","MANAGEMENT","FERTILIZERS","FERTILIZER_APPLICS",2082,NA,"FACD","FERTILIZERS (INORGANIC)",2804
"application_depth_fert","numeric","cm","","0","","Fertilizer application depth","FEDEP","FEDEP",7,NA,"cm","single","EXPERIMENT","MANAGEMENT","FERTILIZERS","FERTILIZER_APPLICS",2082,NA,"FDEP","FERTILIZERS (INORGANIC)",2805
"fertilizer_total_amount","numeric","kg[fertilizer]/ha","","0","","Total amount of fertilizer applied","FEAM","FEAM",8,NA,"kg[fertilizer]/ha","single","EXPERIMENT","MANAGEMENT","FERTILIZERS","FERTILIZER_APPLICS",2082,"2020-04-22, CHP",NA,NA,NA
"N_in_applied_fertilizer","numeric","kg[N]/ha","","0","","Nitrogen (elemental) in applied fertilizer","FEAMN","FEAMN",9,NA,"kg[N]/ha","single","EXPERIMENT","MANAGEMENT","FERTILIZERS","FERTILIZER_APPLICS",2082,NA,"FAMN","FERTILIZERS (INORGANIC)",2806
"NO3_applied_fertilizer","numeric","kg[N]/ha","","0","","Nitrate in applied fertilizer, as elemental N","FENO3","FENO3",10,NA,"kg[N]/ha","single","EXPERIMENT","MANAGEMENT","FERTILIZERS","FERTILIZER_APPLICS",2082,"2013-02-04, JWW",".",NA,NA
"NH4_applied_fertilizer","numeric","kg[N]/ha","","0","","Ammonium in applied fertilizer, as elemental N","FENH4","FENH4",11,NA,"kg[N]/ha","single","EXPERIMENT","MANAGEMENT","FERTILIZERS","FERTILIZER_APPLICS",2082,"2013-02-04, JWW",".",NA,NA
"Urea_applied_fertilizer","numeric","kg[N]/ha","","0","","Urea in applied fertilizer, as elemental N","FEUREA","FEUREA",12,NA,"kg[N]/ha","single","EXPERIMENT","MANAGEMENT","FERTILIZERS","FERTILIZER_APPLICS",2082,"2019-11-26, CHP",".",NA,NA
"phosphorus_applied_fert","numeric","kg[P]/ha","","0","","Phosphorus (elemental) in applied fertilizer","FEAMP","FEAMP",13,NA,"kg[P]/ha","single","EXPERIMENT","MANAGEMENT","FERTILIZERS","FERTILIZER_APPLICS",2082,NA,"FAMP","FERTILIZERS (INORGANIC)",2807
"fertilizer_K_applied","numeric","kg[K]/ha","","0","","Potassium (elemental) in applied fertilizer","FEAMK","FEAMK",14,NA,"kg[K]/ha","single","EXPERIMENT","MANAGEMENT","FERTILIZERS","FERTILIZER_APPLICS",2082,NA,"KAMK","FERTILIZERS (INORGANIC)",2808
"S_in_applied_fertilizer","numeric","kg[S]/ha","","0","","Sulfur (elemental) in applied fertilizer","FEAMS","FEAMS",15,NA,"kg[S]/ha","single","EXPERIMENT","MANAGEMENT","FERTILIZERS","FERTILIZER_APPLICS",2082,"2019-06-17, CHP",".",NA,NA
"Ca_in_applied_fertilizer","numeric","kg[Ca]/ha","","0","","Calcium (elemental) in applied fertilizer","FEAMC","FEAMC",16,NA,"kg[Ca]/ha","single","EXPERIMENT","MANAGEMENT","FERTILIZERS","FERTILIZER_APPLICS",2082,NA,"FAMC","FERTILIZERS (INORGANIC)",2809
"Mg_in_applied_fertilizer","numeric","kg[Mg]/ha","","0","","Magnesium (elemental) in applied fertilizer","FEAMM","FEAMM",17,NA,"kg[Mg]/ha","single","EXPERIMENT","MANAGEMENT","FERTILIZERS","FERTILIZER_APPLICS",2082,"2019-06-17, CHP",NA,NA,NA
"B_in_applied_fertilizer","numeric","kg[B]/ha","","0","","Boron (elemental) in applied fertilizer","FEAMB","FEAMB",18,NA,"kg[B]/ha","single","EXPERIMENT","MANAGEMENT","FERTILIZERS","FERTILIZER_APPLICS",2082,"2019-06-17, CHP",NA,NA,NA
"Zn_in_applied_fertilizer","numeric","kg[Zn]/ha","","0","","Zinc (elemental) in applied fertilizer","FEAMZ","FEAMZ",19,NA,"kg[Zn]/ha","single","EXPERIMENT","MANAGEMENT","FERTILIZERS","FERTILIZER_APPLICS",2082,"2019-06-17, CHP",NA,NA,NA
"Mn_in_applied_fertilizer","numeric","kg[Mn]/ha","","0","","Manganese (elemental) in applied fertilizer","FEAMMN","FEAMMN",20,NA,"kg[Mn]/ha","single","EXPERIMENT","MANAGEMENT","FERTILIZERS","FERTILIZER_APPLICS",2082,"2019-06-17, CHP",NA,NA,NA
"Fe_in_applied_fertilizer","numeric","kg[Fe]/ha","","0","","Iron (elemental) in applied fertilizer","FEAMFE","FEAMFE",21,NA,"kg[Fe]/ha","single","EXPERIMENT","MANAGEMENT","FERTILIZERS","FERTILIZER_APPLICS",2082,"2019-06-17, CHP",".",NA,NA
"other_elements_appl_fert","numeric","kg[Element]/ha","","0","","Other elements in applied fertilizer","FEAMO","FEAMO",22,NA,"kg[Element]/ha","single","EXPERIMENT","MANAGEMENT","FERTILIZERS","FERTILIZER_APPLICS",2082,NA,"FAMO","FERTILIZERS (INORGANIC)",2810
"fertiliz_code_other_elem","character","","","","","Fertilizer code for other elements","FEOCD","FEOCD",23,NA,"code","text","EXPERIMENT","MANAGEMENT","FERTILIZERS","FERTILIZER_APPLICS",2082,NA,"FOCD","FERTILIZERS (INORGANIC)",2811
"id","numeric","","","","","id","id","id",0,1,NA,"single","EXPERIMENT","MANAGEMENT","ORGANIC_MATERIALS",NA,2091,NA,NA,NA,NA
"org_materials_applic_lev","numeric","","","","","Organic materials application level","OM","OM",1,NA,"number","single","EXPERIMENT","MANAGEMENT","ORGANIC_MATERIALS",NA,2091,NA,"MR","RESIDUES AND ORGANIC FERTILIZER",NA
"org_material_applic_name","character","","","","","Organic materials application name","OM_NAME","OM_NAME",2,NA,"text","text","EXPERIMENT","MANAGEMENT","ORGANIC_MATERIALS",NA,2091,NA,"RENAME","RESIDUES AND ORGANIC FERTILIZER",2913
"org_material_notes","character","","","","","Organic materials, extended comments on treatment(s)","OM_NOTES","OM_NOTES",4,NA,"text","memo","EXPERIMENT","MANAGEMENT","ORGANIC_MATERIALS",NA,2091,NA,NA,NA,NA
"org_material_applic_tot","numeric","kg/ha","","0","","Total seasonal organic materials application amount, dry weight basis","OM_TOT","OM_TOT",3,NA,"kg/ha","single","EXPERIMENT","MANAGEMENT","ORGANIC_MATERIALS",NA,2091,"2013-3-1, chp",".",NA,NA
"id","numeric","","","","","id","id","id",0,1,NA,"single","EXPERIMENT","MANAGEMENT","ORGANIC_MATERIALS","ORGANIC_MATERIAL_APPLICS",2092,NA,NA,NA,NA
"org_material_applic_date","character","date","","0","366","Organic materials application date","OMDAT","OMDAT",2,NA,"date","single","EXPERIMENT","MANAGEMENT","ORGANIC_MATERIALS","ORGANIC_MATERIAL_APPLICS",2092,NA,"RDATE","RESIDUES AND ORGANIC FERTILIZER",2902
"org_materials_applic_lev","numeric","","","","","Organic materials application level, links to OM table","OM","OM",1,NA,"number","single","EXPERIMENT","MANAGEMENT","ORGANIC_MATERIALS","ORGANIC_MATERIAL_APPLICS",2092,NA,"MR","RESIDUES AND ORGANIC FERTILIZER",2901
"org_materials_applic_yr","numeric","year","","","","Organic materials application year","OMYR","OMYR",3,1,"year","single","EXPERIMENT","MANAGEMENT","ORGANIC_MATERIALS","ORGANIC_MATERIAL_APPLICS",2092,NA,".",NA,NA
"org_material_applic_day","numeric","doy","","0","366","Organic materials application day","OMDAY","OMDAY",4,1,"doy","single","EXPERIMENT","MANAGEMENT","ORGANIC_MATERIALS","ORGANIC_MATERIAL_APPLICS",2092,NA,".",NA,NA
"organic_material","character","","residues_or_organic_materials","","","Organic material, identifying code","OMCD","OMCD",5,NA,"code","text","EXPERIMENT","MANAGEMENT","ORGANIC_MATERIALS","ORGANIC_MATERIAL_APPLICS",2092,NA,"RCOD","RESIDUES AND ORGANIC FERTILIZER",2903
"org_material_applic_meth","character","","","","","Organic materials application method","OMACD","OMACD",6,NA,"code","text","EXPERIMENT","MANAGEMENT","ORGANIC_MATERIALS","ORGANIC_MATERIAL_APPLICS",2092,NA,"RMET","RESIDUES AND ORGANIC FERTILIZER",2912
"org_material_appl_depth","numeric","cm","","0","","Organic materials application depth","OMDEP","OMDEP",7,NA,"cm","single","EXPERIMENT","MANAGEMENT","ORGANIC_MATERIALS","ORGANIC_MATERIAL_APPLICS",2092,NA,"RDEP","RESIDUES AND ORGANIC FERTILIZER",2911
"org_material_incorp_perc","numeric","%","","0","100","Organic materials application, fraction incorporporated as %","OMINP","OMINP",8,NA,"%","single","EXPERIMENT","MANAGEMENT","ORGANIC_MATERIALS","ORGANIC_MATERIAL_APPLICS",2092,NA,"RINP","RESIDUES AND ORGANIC FERTILIZER",2910
"org_material_applic_amnt","numeric","kg/ha","","0","","Organic materials application amount, dry weight basis","OMAMT","OMAMT",9,NA,"kg/ha","single","EXPERIMENT","MANAGEMENT","ORGANIC_MATERIALS","ORGANIC_MATERIAL_APPLICS",2092,NA,"RAMT","RESIDUES AND ORGANIC FERTILIZER",2904
"org_material_applic_fresh_wt","numeric","kg/ha","","0","","Organic materials application amount, fresh weight basis","OMFWT","OMFWT",10,NA,"kg/ha","single","EXPERIMENT","MANAGEMENT","ORGANIC_MATERIALS","ORGANIC_MATERIAL_APPLICS",2092,"2021-10-08, chp",".",NA,NA
"org_material_cover","numeric","%","","0","100","Organic materials, percent ground covered by organic matter","OMCOV","OMCOV",11,NA,"%","single","EXPERIMENT","MANAGEMENT","ORGANIC_MATERIALS","ORGANIC_MATERIAL_APPLICS",2092,"2015-10-12, chp",".",NA,NA
"org_matter_moisture_conc","numeric","%","","0","","Organic matter or residue added, moisture concentration","OMH2O","OMH2O",12,NA,"%","single","EXPERIMENT","MANAGEMENT","ORGANIC_MATERIALS","ORGANIC_MATERIAL_APPLICS",2092,NA,NA,NA,NA
"org_matter_carbon_conc","numeric","%","","0","","Organic matter or residue added, carbon concentration, dry weight (g[C]/100g[DM])","OMC%","OMCPC",13,NA,"%","single","EXPERIMENT","MANAGEMENT","ORGANIC_MATERIALS","ORGANIC_MATERIAL_APPLICS",2092,NA,NA,NA,NA
"organic_material_N_conc","numeric","%","","0","","Organic materials nitrogen concentration","OMN%","OMNPC",14,NA,"%","single","EXPERIMENT","MANAGEMENT","ORGANIC_MATERIALS","ORGANIC_MATERIAL_APPLICS",2092,NA,"RESN","RESIDUES AND ORGANIC FERTILIZER",2905
"organic_material_P_conc","numeric","%","","0","","Organic materials phosphorus concentration","OMP%","OMPPC",15,NA,"%","single","EXPERIMENT","MANAGEMENT","ORGANIC_MATERIALS","ORGANIC_MATERIAL_APPLICS",2092,NA,"RESP","RESIDUES AND ORGANIC FERTILIZER",2906
"organic_material_K_conc","numeric","%","","0","","Organic materials potasium concentration","OMK%","OMKPC",16,NA,"%","single","EXPERIMENT","MANAGEMENT","ORGANIC_MATERIALS","ORGANIC_MATERIAL_APPLICS",2092,NA,"RESK","RESIDUES AND ORGANIC FERTILIZER",2907
"org_material_lignin_conc","numeric","%","","0","","Organic materials lignin concentration","OMLI%","OMLPC",17,NA,"%","single","EXPERIMENT","MANAGEMENT","ORGANIC_MATERIALS","ORGANIC_MATERIAL_APPLICS",2092,NA,NA,NA,NA
"org_material_c_to_n","numeric","","","0","","Organic materials C:N ratio","OMC2N","OMC2N",18,NA,"number","single","EXPERIMENT","MANAGEMENT","ORGANIC_MATERIALS","ORGANIC_MATERIAL_APPLICS",2092,NA,".",NA,NA
"id","numeric","","","","","id","id","id",0,1,NA,"single","EXPERIMENT","MANAGEMENT","MULCHES",NA,2101,NA,NA,NA,NA
"mulch_level","numeric","","","","","Mulch treatment level","ML","ML",1,NA,"number","single","EXPERIMENT","MANAGEMENT","MULCHES",NA,2101,"Vers 1.1",NA,NA,NA
"mulch_level_name","character","","","","","Mulch level, name of treatment","ML_NAME","ML_NAME",2,NA,"text","text","EXPERIMENT","MANAGEMENT","MULCHES",NA,2101,"Vers 1.1",NA,NA,NA
"mulch_level_notes","character","","","","","Mulch description, detailed comments","ML_NOTES","ML_NOTES",10,NA,"text","memo","EXPERIMENT","MANAGEMENT","MULCHES",NA,2101,NA,NA,NA,NA
"mulch_applic_date","character","date","","1","366","Mulch application date","MLADAT","MLADAT",2,1,"date","single","EXPERIMENT","MANAGEMENT","MULCHES","MULCH_ADD",2102,"Vers 1.1",NA,NA,NA
"id","numeric","","","","","id","id","id",0,1,NA,"single","EXPERIMENT","MANAGEMENT","MULCHES","MULCH_ADD",2102,NA,NA,NA,NA
"mulch_level","numeric","","","","","Mulch treatment level","ML","ML",1,NA,"number","single","EXPERIMENT","MANAGEMENT","MULCHES","MULCH_ADD",2102,"Vers 1.1",NA,NA,3001
"mulch_applic_year","numeric","year","","","","Mulch application year","MLAYR","MLAYR",3,1,"year","single","EXPERIMENT","MANAGEMENT","MULCHES","MULCH_ADD",2102,"Vers 1.1",NA,NA,NA
"mulch_applic_day","numeric","doy","","1","366","Mulch application date as day of year","MLADY","MLADY",4,1,"doy","single","EXPERIMENT","MANAGEMENT","MULCHES","MULCH_ADD",2102,"Vers 1.1",NA,NA,NA
"mulch_type","character","","","","","Mulch type by codes for soild polythelene sheet, net, etc.","MLTP","MLTP",5,NA,"code","text","EXPERIMENT","MANAGEMENT","MULCHES","MULCH_ADD",2102,"Vers 1.1",NA,NA,NA
"mulch_thickness","numeric","mm","","0","","Mulch thickness","MLTHK","MLTHK",6,NA,"mm","single","EXPERIMENT","MANAGEMENT","MULCHES","MULCH_ADD",2102,"Vers 1.1",NA,NA,NA
"mulch_cover_fraction","numeric","fraction","","0","","Fraction of surface covered by mulch","MLCOV","MLCOV",7,NA,"fraction","single","EXPERIMENT","MANAGEMENT","MULCHES","MULCH_ADD",2102,"2015-12-15, chp",NA,NA,NA
"mulch_color","character","","mulch_color","","","Mulch color","MLCOL","MLCOL",8,NA,"code","text","EXPERIMENT","MANAGEMENT","MULCHES","MULCH_ADD",2102,"Vers 1.1",NA,NA,NA
"mulch_removal_date","character","date","","1","366","Mulch removal date","MLRDAT","MLRDAT",2,NA,"date","single","EXPERIMENT","MANAGEMENT","MULCHES","MULCH_REMOVE",2103,"Vers 1.2",NA,NA,NA
"mulch_level","numeric","","","","","Mulch treatment level","ML","ML",1,NA,"number","single","EXPERIMENT","MANAGEMENT","MULCHES","MULCH_REMOVE",2103,"Vers 1.2",NA,NA,NA
"mulch_removal_year","numeric","year","","","","Mulch removal year","MLRYR","MLRYR",5,NA,"year","single","EXPERIMENT","MANAGEMENT","MULCHES","MULCH_REMOVE",2103,"Vers 1.2",NA,NA,NA
"mulch_removal_day","numeric","doy","","1","366","Mulch removal date as day of year","MLRDAY","MLRDAY",6,NA,"doy","single","EXPERIMENT","MANAGEMENT","MULCHES","MULCH_REMOVE",2103,"Vers 1.2",NA,NA,NA
"mulch_type_remove","character","","","","","Mulch type removed by codes for soild polythelene sheet, net, etc.","MLTPR","MLTPR",7,NA,"code","text","EXPERIMENT","MANAGEMENT","MULCHES","MULCH_REMOVE",2103,"Vers 1.1",NA,NA,NA
"id","numeric","","","","","id","id","id",0,1,NA,"single","EXPERIMENT","MANAGEMENT","CHEMICALS",NA,2111,NA,NA,NA,NA
"chemical_applic_level","numeric","","","","","Chemicals application level","CH","CH",1,NA,"number","single","EXPERIMENT","MANAGEMENT","CHEMICALS",NA,2111,NA,"MC",NA,NA
"chemical_applic_name","character","","","","","Chemical, name experimentalist assigned to a given application level","CH_NAME","CH_NAME",2,NA,"text","text","EXPERIMENT","MANAGEMENT","CHEMICALS",NA,2111,NA,"CHNAME","CHEMICAL APPLICATIONS",3108
"chemical_applic_notes","character","","","","","Chemical notes, extensive comments on applications","CH_NOTES","CH_NOTES",31,NA,"text","memo","EXPERIMENT","MANAGEMENT","CHEMICALS",NA,2111,NA,NA,NA,NA
"chemical_applic_date","character","date","","","","Chemicals application date","CDATE","CDATE",2,NA,"date","single","EXPERIMENT","MANAGEMENT","CHEMICALS","CHEMICAL_APPLICS",2112,NA,"CDATE","CHEMICAL APPLICATIONS",3102
"id","numeric","","","","","id","id","id",0,1,NA,"single","EXPERIMENT","MANAGEMENT","CHEMICALS","CHEMICAL_APPLICS",2112,NA,NA,NA,NA
"chemical_applic_level","numeric","","","","","Chemicals application level, liks to CHEMICALS table","CH","CH",1,NA,"number","single","EXPERIMENT","MANAGEMENT","CHEMICALS","CHEMICAL_APPLICS",2112,NA,"MC","CHEMICAL APPLICATIONS",3101
"chemical_applic_year","numeric","year","","","","Chemicals application year","CHYR","CHYR",3,1,"year","single","EXPERIMENT","MANAGEMENT","CHEMICALS","CHEMICAL_APPLICS",2112,NA,NA,NA,NA
"chemical_applic_day","numeric","day","","0","366","Chemicals application day of year or DAP if year = -99","CHDAY","CHDAY",4,1,"day","single","EXPERIMENT","MANAGEMENT","CHEMICALS","CHEMICAL_APPLICS",2112,NA,NA,NA,NA
"chemical_applic_material","character","","chemicals","","","Chemicals application material","CHCD","CHCD",5,NA,"code","text","EXPERIMENT","MANAGEMENT","CHEMICALS","CHEMICAL_APPLICS",2112,NA,"CHCOD","CHEMICAL APPLICATIONS",3103
"chemical_applic_method","character","","","","","Chemicals application method","CHACD","CHACD",6,NA,"code","text","EXPERIMENT","MANAGEMENT","CHEMICALS","CHEMICAL_APPLICS",2112,NA,"CHME","CHEMICAL APPLICATIONS",3105
"application_depth_chem","numeric","cm","","0","","Chemicals application depth","CHDEP","CHDEP",7,NA,"cm","single","EXPERIMENT","MANAGEMENT","CHEMICALS","CHEMICAL_APPLICS",2112,NA,"CHDEP","CHEMICAL APPLICATIONS",3106
"chemical_applic_amount","numeric","kg/ha","","0","","Chemicals application amount (active)","CHAMT","CHAMT",8,NA,"kg/ha","single","EXPERIMENT","MANAGEMENT","CHEMICALS","CHEMICAL_APPLICS",2112,NA,"CHAMT","CHEMICAL APPLICATIONS",3104
"chemical_applic_target","character","","ch_targets","","","Chemicals application target","CH_TARGETS","CH_TARGETS",9,NA,"code","text","EXPERIMENT","MANAGEMENT","CHEMICALS","CHEMICAL_APPLICS",2112,NA,"CHT","CHEMICAL APPLICATIONS",3107
"id","numeric","","","","","id","id","id",0,1,NA,"single","EXPERIMENT","MANAGEMENT","TILLAGE",NA,2121,NA,NA,NA,NA
"tillage_level","numeric","","","","","Tillage operation level","TI","TI",1,NA,"number","single","EXPERIMENT","MANAGEMENT","TILLAGE",NA,2121,NA,"TL",NA,NA
"tillage_treatment_name","character","","","","","Tillage, name assigned to treatments over trial","TI_NAME","TI_NAME",2,NA,"text","text","EXPERIMENT","MANAGEMENT","TILLAGE",NA,2121,NA,".",NA,NA
"tillage_treatment_notes","character","","","","","Tillage notes, extensive comments on practices","TI_NOTES","TI_NOTES",31,NA,"text","memo","EXPERIMENT","MANAGEMENT","TILLAGE",NA,2121,NA,NA,NA,NA
"tillage_practice","character","","","","","Tillage type","TI_PRACTICE","TI_PRACTICE",3,NA,"code","text","EXPERIMENT","MANAGEMENT","TILLAGE",NA,2121,"2014-03-14, chp",".",NA,NA
"tillage_event_tot","numeric","","","","","Total tillage operations, cumulative for season","TI_#","TI_NO",4,NA,"number","single","EXPERIMENT","MANAGEMENT","TILLAGE",NA,2121,NA,NA,NA,NA
"tillage_date","character","date","","1","99365","Tillage date","TDATE","TDATE",2,NA,"date","single","EXPERIMENT","MANAGEMENT","TILLAGE","TILLAGE_EVENTS",2122,NA,"TDATE","TILLAGE AND ROTATIONS",3202
"id","numeric","","","","","id","id","id",0,1,NA,"single","EXPERIMENT","MANAGEMENT","TILLAGE","TILLAGE_EVENTS",2122,NA,NA,NA,NA
"tillage_level","numeric","","","","","Tillage operation level","TI","TI",1,NA,"number","single","EXPERIMENT","MANAGEMENT","TILLAGE","TILLAGE_EVENTS",2122,NA,"TL","TILLAGE AND ROTATIONS",3201
"tillage_operations_year","numeric","year","","","","Tillage operations year","TIYR","TIYR",3,1,"year","single","EXPERIMENT","MANAGEMENT","TILLAGE","TILLAGE_EVENTS",2122,NA,".",NA,NA
"tillage_operations_day","numeric","day","","0","366","Tillage operations day","TIDAY","TIDAY",4,1,"day","single","EXPERIMENT","MANAGEMENT","TILLAGE","TILLAGE_EVENTS",2122,NA,".",NA,NA
"tillage_operation_name","character","","","","","Tillage operations, name of specific event","TI_OP_NAME","TI_OP_NAME",5,NA,"text","text","EXPERIMENT","MANAGEMENT","TILLAGE","TILLAGE_EVENTS",2122,NA,"TNAME","TILLAGE AND ROTATIONS",3205
"tillage_order","numeric","","","1","","Tillage operations order within a single day","TIORD","TIORD",6,NA,"number","single","EXPERIMENT","MANAGEMENT","TILLAGE","TILLAGE_EVENTS",2122,NA,".",NA,NA
"tillage_implement","character","","tillage_implements","","","Tillage implement","TIIMP","TIIMP",7,NA,"code","text","EXPERIMENT","MANAGEMENT","TILLAGE","TILLAGE_EVENTS",2122,NA,"TIMPL","TILLAGE AND ROTATIONS",3203
"tillage_operations_depth","numeric","cm","","0","200","Tillage operations depth","TIDEP","TIDEP",8,NA,"cm","single","EXPERIMENT","MANAGEMENT","TILLAGE","TILLAGE_EVENTS",2122,NA,"TDEP, TLDD","TILLAGE AND ROTATIONS",3204
"till_mix_effectiveness","numeric","%","","0","100","Tillage operations mixing effectiveness","TIMIX","TIMIX",9,NA,"%","single","EXPERIMENT","MANAGEMENT","TILLAGE","TILLAGE_EVENTS",2122,NA,".",NA,NA
"till_disturb_ratio","numeric","fraction","","0","30","Tillage operations soil disturbance ratio, a relative value that indicates the extent to which the tillage operation speeds up decomposition rate of the soil microbial biomass and stabilized soil C pools.","TIDIS","TIDIS",10,NA,"fraction","single","EXPERIMENT","MANAGEMENT","TILLAGE","TILLAGE_EVENTS",2122,"2018-06-19 chp",".",NA,NA
"id","numeric","","","","","id","id","id",0,1,NA,"single","EXPERIMENT","MANAGEMENT","ENVIRON_MODIFICATIONS",NA,2131,NA,NA,NA,NA
"environmental_modif_lev","numeric","","","","","Environmental modifications level","EM","EM",1,NA,"number","single","EXPERIMENT","MANAGEMENT","ENVIRON_MODIFICATIONS",NA,2131,NA,"ME",NA,NA
"environ_modif_name","character","","","","","Environmental modifications level name","EM_NAME","EM_NAME",2,NA,"text","text","EXPERIMENT","MANAGEMENT","ENVIRON_MODIFICATIONS",NA,2131,NA,"ENVNAME","ENVIRONMENT MODIFICATIONS",3319
"environ_comments","character","","","","","Environmental modifications, extended comments","EM_NOTES","EM_NOTES",31,NA,"text","memo","EXPERIMENT","MANAGEMENT","ENVIRON_MODIFICATIONS",NA,2131,NA,NA,NA,NA
"environ_modificat_date","character","date","","2","99365","Environmental modifications date","EMDATE","EMDATE",2,NA,"date","single","EXPERIMENT","MANAGEMENT","ENVIRON_MODIFICATIONS","ENVIRON_MODIF_LEVELS",2132,NA,"ODATE","ENVIRONMENT MODIFICATIONS",3302
"id","numeric","","","","","id","id","id",0,1,NA,"single","EXPERIMENT","MANAGEMENT","ENVIRON_MODIFICATIONS","ENVIRON_MODIF_LEVELS",2132,NA,NA,NA,NA
"environmental_modif_lev","numeric","","","1","","Environmental modifications level, links to EM table","EM","EM",1,NA,"number","single","EXPERIMENT","MANAGEMENT","ENVIRON_MODIFICATIONS","ENVIRON_MODIF_LEVELS",2132,NA,"ME","ENVIRONMENT MODIFICATIONS",3301
"environ_modificat_year","numeric","year","","","","Environmental modifications year","EMYR","EMYR",3,1,"year","single","EXPERIMENT","MANAGEMENT","ENVIRON_MODIFICATIONS","ENVIRON_MODIF_LEVELS",2132,NA,".",NA,NA
"environ_modificat_day","numeric","doy","","","99365","Environmental modifications date","EMDAY","EMDAY",4,1,"doy","single","EXPERIMENT","MANAGEMENT","ENVIRON_MODIFICATIONS","ENVIRON_MODIF_LEVELS",2132,NA,".",NA,NA
"environ_mod_code_daylen","character","","","","","Environmental modific.code, daylength","ECDYL","ECDYL",5,NA,"code","text","EXPERIMENT","MANAGEMENT","ENVIRON_MODIFICATIONS","ENVIRON_MODIF_LEVELS",2132,NA,"EDAY","ENVIRONMENT MODIFICATIONS",3303
"environ_modif_daylen","numeric","h","","","","Environmental modification, daylength","EMDYL","EMDYL",6,NA,"h","single","EXPERIMENT","MANAGEMENT","ENVIRON_MODIFICATIONS","ENVIRON_MODIF_LEVELS",2132,NA,"EDAY","ENVIRONMENT MODIFICATIONS",3304
"environ_mod_code_radiat","character","","","","","Environmental modific.code, radiation","ECRAD","ECRAD",7,NA,"code","text","EXPERIMENT","MANAGEMENT","ENVIRON_MODIFICATIONS","ENVIRON_MODIF_LEVELS",2132,NA,"ERAD","ENVIRONMENT MODIFICATIONS",3305
"environ_modif_solar_rad","numeric","MJ/(m2.d)","","","","Environmental modification,radiation","EMRAD","EMRAD",8,NA,"MJ/(m2.d)","single","EXPERIMENT","MANAGEMENT","ENVIRON_MODIFICATIONS","ENVIRON_MODIF_LEVELS",2132,NA,"ERAD","ENVIRONMENT MODIFICATIONS",3306
"environ_mod_code_tmax","character","","","","","Environmental modific.code, maximum temperature","ECMAX","ECMAX",9,NA,"code","text","EXPERIMENT","MANAGEMENT","ENVIRON_MODIFICATIONS","ENVIRON_MODIF_LEVELS",2132,NA,"EMAX","ENVIRONMENT MODIFICATIONS",3307
"environ_modif_max_temp","numeric","degree_C","","","","Environmental modification, maximum temperature","EMMAX","EMMAX",10,NA,"degree_C","single","EXPERIMENT","MANAGEMENT","ENVIRON_MODIFICATIONS","ENVIRON_MODIF_LEVELS",2132,NA,"EMAX","ENVIRONMENT MODIFICATIONS",3308
"environ_mod_code_tmin","character","","","","","Environmental modific.code, minimum temperature","ECMIN","ECMIN",11,NA,"code","text","EXPERIMENT","MANAGEMENT","ENVIRON_MODIFICATIONS","ENVIRON_MODIF_LEVELS",2132,NA,"EMIN","ENVIRONMENT MODIFICATIONS",3309
"environ_modif_min_temp","numeric","degree_C","","","","Environmental modification, minimum temperature","EMMIN","EMMIN",12,NA,"degree_C","single","EXPERIMENT","MANAGEMENT","ENVIRON_MODIFICATIONS","ENVIRON_MODIF_LEVELS",2132,NA,"EMIN","ENVIRONMENT MODIFICATIONS",3310
"environ_modif_code_rain","character","","","","","Environmental modific.code, rain","ECRAI","ECRAI",13,NA,"code","text","EXPERIMENT","MANAGEMENT","ENVIRON_MODIFICATIONS","ENVIRON_MODIF_LEVELS",2132,NA,"ERAIN","ENVIRONMENT MODIFICATIONS",3311
"environ_modif_rain","numeric","mm","","","","Environmental modification,rain","EMRAI","EMRAI",14,NA,"mm","single","EXPERIMENT","MANAGEMENT","ENVIRON_MODIFICATIONS","ENVIRON_MODIF_LEVELS",2132,NA,"ERAIN","ENVIRONMENT MODIFICATIONS",3312
"environ_modif_code_CO2","character","","","","","Environmental modific.code, CO2","ECCO2","ECCO2",15,NA,"code","text","EXPERIMENT","MANAGEMENT","ENVIRON_MODIFICATIONS","ENVIRON_MODIF_LEVELS",2132,NA,"ECO2","ENVIRONMENT MODIFICATIONS",3313
"environ_modif_CO2","numeric","ppm","","","","Environmental modification, CO2","EMCO2","EMCO2",16,NA,"ppm","single","EXPERIMENT","MANAGEMENT","ENVIRON_MODIFICATIONS","ENVIRON_MODIF_LEVELS",2132,NA,"ECO2","ENVIRONMENT MODIFICATIONS",3314
"environ_mod_code_dewpt","character","","","","","Environmental modific.code, dewpoint","ECDEW","ECDEW",17,NA,"code","text","EXPERIMENT","MANAGEMENT","ENVIRON_MODIFICATIONS","ENVIRON_MODIF_LEVELS",2132,NA,"EDEW","ENVIRONMENT MODIFICATIONS",3315
"environ_modif_dew_pt","numeric","degree_C","","","","Environmental modification, dewpoint","EMDEW","EMDEW",18,NA,"degree_C","single","EXPERIMENT","MANAGEMENT","ENVIRON_MODIFICATIONS","ENVIRON_MODIF_LEVELS",2132,NA,"EDEW","ENVIRONMENT MODIFICATIONS",3316
"environ_modif_code_wind","character","","","","","Environmental modific.code, wind","ECWND","ECWND",19,NA,"code","text","EXPERIMENT","MANAGEMENT","ENVIRON_MODIFICATIONS","ENVIRON_MODIF_LEVELS",2132,NA,"EWIND","ENVIRONMENT MODIFICATIONS",3317
"environ_modif_wind","numeric","km/d","","","","Environmental modification,wind","EMWND","EMWND",20,NA,"km/d","single","EXPERIMENT","MANAGEMENT","ENVIRON_MODIFICATIONS","ENVIRON_MODIF_LEVELS",2132,NA,"EWIND","ENVIRONMENT MODIFICATIONS",3318
"id","numeric","","","","","id","id","id",0,1,NA,"single","EXPERIMENT","MANAGEMENT","HARVESTS",NA,2141,NA,NA,NA,NA
"harvest_operations_level","numeric","","","","","Harvest operations level","HA","HA",1,NA,"number","single","EXPERIMENT","MANAGEMENT","HARVESTS",NA,2141,NA,"HL",NA,NA
"harvest_ops_level_name","character","","","","","Harvest operations level name","HA_NAME","HA_NAME",2,NA,"text","text","EXPERIMENT","MANAGEMENT","HARVESTS",NA,2141,NA,"HNAME","HARVEST DETAILS",3408
"harvest_notes","character","","","","","Harvest, short notes","HA_NOTES","HA_NOTES",3,NA,"text","text","EXPERIMENT","MANAGEMENT","HARVESTS",NA,2141,NA,NA,NA,NA
"harvest_comments","character","","","","","Harvest, extended comments on harvest procedures","HA_COMMENTS","HA_COMMENTS",4,NA,"text","memo","EXPERIMENT","MANAGEMENT","HARVESTS",NA,2141,NA,NA,NA,NA
"harvest_operations_date","character","date","","0","366","Harvest operations date (prefereably as yyyy-mm-dd)","HADAT","HADAT",2,NA,"date","single","EXPERIMENT","MANAGEMENT","HARVESTS","HARVEST_EVENTS",2142,NA,"HDATE","HARVEST DETAILS",3402
"id","numeric","","","","","id","id","id",0,1,NA,"single","EXPERIMENT","MANAGEMENT","HARVESTS","HARVEST_EVENTS",2142,NA,NA,NA,NA
"harvest_operations_level","numeric","","","","","Harvest operations level, links to HARVEST table","HA","HA",1,NA,"number","single","EXPERIMENT","MANAGEMENT","HARVESTS","HARVEST_EVENTS",2142,NA,"HL","HARVEST DETAILS",3401
"harvest_operations_year","numeric","year","","","","Harvest operations year","HAYR","HAYR",3,1,"year","single","EXPERIMENT","MANAGEMENT","HARVESTS","HARVEST_EVENTS",2142,NA,".",NA,NA
"harvest_operations_day","numeric","day","","0","366","Harvest operations day, DAP if year = -99","HADAY","HADAY",4,1,"day","single","EXPERIMENT","MANAGEMENT","HARVESTS","HARVEST_EVENTS",2142,NA,".",NA,NA
"harvest_crop","character","","","","","Harvest operations, crop harvested","HACR","HACR",5,NA,"code","text","EXPERIMENT","MANAGEMENT","HARVESTS","HARVEST_EVENTS",2142,"2016-04-04, CHP",".",NA,NA
"harvest_stage","character","","","","","Harvest, growth stage of crop at date","HASTG","HASTG",6,NA,"code","text","EXPERIMENT","MANAGEMENT","HARVESTS","HARVEST_EVENTS",2142,NA,"HSTG","HARVEST DETAILS",3403
"harvested_crop","character","","crop","","","Crop species harvested","HACRID","HACRID",7,NA,"code","text","EXPERIMENT","MANAGEMENT","HARVESTS","HARVEST_EVENTS",2142,NA,".",NA,NA
"harvest_operat_component","character","","harvest_components","","","Harvest operations, crop component harvested","HACOM","HACOM",8,NA,"code","text","EXPERIMENT","MANAGEMENT","HARVESTS","HARVEST_EVENTS",2142,NA,"HCOM","HARVEST DETAILS",3404
"harvest_method","character","","","","","Harvest method","HARM","HARM",9,NA,"code","text","EXPERIMENT","MANAGEMENT","HARVESTS","HARVEST_EVENTS",2142,NA,NA,NA,NA
"harvest_area","numeric","m2","","0","","Actual plot area harvested (sometimes differs from planned area)","HAREA","HAREA",10,NA,"m2","single","EXPERIMENT","MANAGEMENT","HARVESTS","HARVEST_EVENTS",2142,"2019-09-12, chp - changed to ha",NA,NA,NA
"harvest_amount","numeric","kg/ha","","","","Harvest, total amount removed as mass","HAMT","HAMT",11,NA,"kg/ha","single","EXPERIMENT","MANAGEMENT","HARVESTS","HARVEST_EVENTS",2142,"2013-03-06, JWW",NA,NA,NA
"harv_operat_main_product","numeric","%","","0","100","Harvest operations, percent economic product harvested","HAP%","HAPPC",12,NA,"%","single","EXPERIMENT","MANAGEMENT","HARVESTS","HARVEST_EVENTS",2142,NA,"HPC","HARVEST DETAILS",3406
"harv_operation_byproduct","numeric","%","","0","100","Harvest operations, percent of by-product harvested","HAB%","HABPC",13,NA,"%","single","EXPERIMENT","MANAGEMENT","HARVESTS","HARVEST_EVENTS",2142,NA,"HBPC","HARVEST DETAILS",3407
"harv_operat_size_categor","character","","harvest_size","","","Harvest operations size category","HASIZ","HASIZ",14,NA,"code","text","EXPERIMENT","MANAGEMENT","HARVESTS","HARVEST_EVENTS",2142,NA,"HSIZE","HARVEST DETAILS",3405
"harvest_cut_height","numeric","cm","","","","Harvest, height of cut","HAHT","HAHT",15,NA,"cm","single","EXPERIMENT","MANAGEMENT","HARVESTS","HARVEST_EVENTS",2142,"2013-03-06, JWW",NA,NA,NA
"simulation_start_date","character","date","","1","99365","Simulation start date","SDAT","SDAT",2,NA,"date","single","EXPERIMENT","MANAGEMENT","SIMULATION_CONTROLS",NA,2211,NA,".",NA,NA
"simulation_end_date","character","date","","1","99365","Simulation end date","ENDAT","ENDAT",3,NA,"date","single","EXPERIMENT","MANAGEMENT","SIMULATION_CONTROLS",NA,2211,"2013-02-07, JWW",".",NA,NA
"id","numeric","","","","","id","id","id",0,1,NA,"single","EXPERIMENT","MANAGEMENT","SIMULATION_CONTROLS",NA,2211,NA,NA,NA,NA
"simulation_id","numeric","","","","","SM","SM","SM",1,NA,NA,"single","EXPERIMENT","MANAGEMENT","SIMULATION_CONTROLS",NA,2211,NA,NA,NA,NA
"simulation_name","character","","","","","Simulation scenario, name","SNAME","SNAME",4,NA,"text","text","EXPERIMENT","MANAGEMENT","SIMULATION_CONTROLS",NA,2211,NA,NA,NA,NA
"simulation_start_year","numeric","year","","1","99365","Simulation start year","SC_YEAR","SC_YEAR",5,NA,"year","single","EXPERIMENT","MANAGEMENT","SIMULATION_CONTROLS",NA,2211,NA,".",NA,NA
"simulation_start_day","numeric","doy","","1","99365","Simulation start day of year","SCDAY","SCDAY",6,NA,"doy","single","EXPERIMENT","MANAGEMENT","SIMULATION_CONTROLS",NA,2211,NA,".",NA,NA
